Predictions,True Success,True Manipulability
[0.37781182 0.00334518],,
[0.16101551 0.04891489],,
[0.52025807 0.01566947],,
[0.5008955 0.1024712],,
[0.2266517  0.01515086],,
[0.49661666 0.44727322],,
[0.3760685  0.36398646],0.5,8.738713901552631e-07
[0.44478264 0.09037649],0.5,0.0284384206156503
[0.23496085 0.00973718],0.1,1.0032794069059813e-07
[ 0.37330723 -0.00115352],,
[0.2443572  0.03408133],,
[0.4328195  0.11923862],,
[0.273212   0.24668685],,
[0.2747634  0.19766617],,
[0.2542525  0.16466145],0.5,0.0740710836163742
[0.19616151 0.29179096],,
[0.5022365  0.03630514],0.5,1.0849435192062287e-07
[0.3508852  0.04446223],,
[0.3936505  0.03099837],,
[0.37413803 0.11561959],,
[0.24174005 0.01498448],,
[0.19167    0.03380991],,
[0.3039371  0.01291499],,
[0.3466971  0.00907426],,
[0.6049495  0.15967391],,
[0.40975308 0.03536423],,
[0.22067657 0.02660144],0.5,0.1186850053306479
[0.43357375 0.01500278],,
[0.41669294 0.01129696],,
[0.47791633 0.06569614],,
[0.37886855 0.06850563],,
[0.19115949 0.03654403],,
[0.4774215  0.31717047],,
[ 4.1392791e-01 -2.2757426e-04],0.5,0.0640023247404052
[0.3918575  0.00179691],,
[0.1549164  0.13682033],,
[0.18526387 0.03362424],,
[0.37509325 0.03613905],,
[0.38530162 0.01109013],0.1,0.0874152823816772
[0.34181374 0.0292606 ],,
[0.28762215 0.00242022],,
[0.3863014  0.02565544],0.5,0.0328669823593218
[0.17267078 0.05838558],,
[0.6003658  0.29004633],,
[0.4949945  0.00387995],0.3,0.4648710176325253
[0.47535077 0.03043127],0.5,0.0183491655562894
[0.47692037 0.00695455],,
[0.43839973 0.07835507],,
[0.5524495  0.14496034],,
[0.34923127 0.21373561],,
[0.21015057 0.02406285],,
[0.33177757 0.04717127],0.5,0.0234390621697763
[0.24356319 0.02344735],,
[0.55506736 0.08665356],,
[0.29957414 0.07150188],0.6,0.0276379355605739
[0.15966591 0.04831198],,
[0.2971635 0.1264449],,
[0.4238695  0.15584815],,
[0.50712603 0.06829241],0.6,0.0463487671237169
[0.16906099 0.04189555],,
[0.36498505 0.07627188],,
[0.38007724 0.04652581],,
[0.30365175 0.06663734],0.5,0.2297191828442743
[0.4242037  0.00232055],,
[0.17772873 0.04671886],,
[0.17490625 0.07300647],,
[0.3475784  0.06371161],0.1,0.5185068608612693
[0.16422614 0.05505309],0.3,0.3977968328044281
[0.43786633 0.00393647],,
[0.25425994 0.24528454],,
[0.32425585 0.02771557],,
[0.6807941  0.19094706],,
[0.3540698  0.08169434],,
[0.49466464 0.01537771],,
[0.1668081  0.05108737],,
[0.5077581  0.02823621],0.7,5.4891903593653975e-06
[0.25568217 0.05521453],,
[0.54829824 0.06736417],,
[0.42988276 0.07577132],,
[0.496684  0.2134138],,
[0.35093465 0.01623862],,
[0.20270517 0.11041807],,
[0.44807532 0.091527  ],,
[0.59075105 0.11101633],,
[0.5639999 0.2295983],,
[0.3235084 0.198552 ],0.5,0.0174164838607348
[0.21517345 0.04417546],,
[0.21106395 0.03359488],,
[0.22062801 0.27324906],0.7,0.3380051482751745
[0.25322542 0.17604604],0.1,0.2777773762071516
[0.27004942 0.07953686],0.7,0.0001932662413683
[0.42533517 0.03884554],,
[0.17746404 0.0378422 ],,
[0.18605828 0.06750629],,
[0.3454282 0.0242034],,
[0.1806586  0.25288177],,
[0.2117264  0.02866307],,
[0.32758328 0.283247  ],0.5,0.0155771251051031
[0.4312385  0.06832871],,
[0.51273173 0.12816967],0.1,0.1254203097586583
[0.4230783 0.0340905],,
[0.6033021  0.00557737],0.1,0.4701834115110388
[0.53567517 0.41442406],,
[0.24188134 0.0235621 ],,
[0.27142105 0.08166736],0.1,0.0634686876974074
[0.44575283 0.06881302],,
[0.68111813 0.5629693 ],,
[0.5017483  0.00375378],,
[0.18801203 0.04407561],0.3,0.0436239728748196
[0.1617685  0.06896912],0.5,0.0043556576889002
[0.37674356 0.01686167],,
[0.41058508 0.16921692],,
[0.4534843  0.09437443],,
[0.39825538 0.01596139],0.1,0.0463015210100795
[0.6867993 0.2662386],,
[0.25084585 0.06207497],,
[0.41862506 0.02729474],,
[0.56196594 0.00680936],,
[0.45446983 0.34972328],,
[0.30803138 0.1077331 ],0.5,0.0038247002766178
[0.49692324 0.03881143],0.5,0.0046307149061903
[0.26452896 0.05058997],0.5,0.0088897016662836
[0.4672399 0.1175291],,
[0.15820853 0.0773811 ],,
[0.6901807 0.3783707],,
[0.27598232 0.02831887],,
[0.37032002 0.09137816],,
[0.24549975 0.03745024],0.4,0.1962588113574272
[0.43516397 0.0154553 ],,
[0.5473618  0.13421063],,
[0.41728663 0.03740977],0.3,0.1851913623797435
[0.41717288 0.0196463 ],0.7,0.1113124925869904
[0.29681098 0.03726802],,
[0.5189114  0.23364268],,
[0.205674   0.02827544],,
[0.30339026 0.04614348],,
[ 0.53735834 -0.01315003],0.2,0.2267260460072762
[0.24397969 0.03278632],,
[0.3183019  0.05333632],,
[0.32214585 0.02163477],,
[0.21956882 0.02884948],,
[0.16878285 0.04856674],,
[ 0.49025378 -0.00513589],0.5,0.015694847581319
[0.37129217 0.10229828],0.4,0.0137551343566208
[0.45492566 0.22608468],,
[0.30048287 0.02529016],,
[0.46230856 0.0159531 ],,
[0.41311938 0.09320766],,
[0.5477653  0.07212269],,
[0.59974    0.14937256],,
[0.24518892 0.02519276],,
[0.2548282 0.0736006],,
[0.29941893 0.01817898],0.5,0.0130590698125404
[0.2455624  0.02067957],,
[0.1986911  0.07430145],,
[0.59491664 0.26198915],,
[0.50836223 0.03134435],,
[0.28246656 0.01479313],,
[0.44218332 0.01807228],,
[0.4198404 0.1868186],,
[0.22621877 0.1942907 ],,
[0.22837557 0.02845474],,
[0.25255248 0.01992492],,
[0.1758503  0.06033573],,
[0.5105073  0.01499025],0.5,0.2610121410089558
[0.5312024  0.08200318],0.5,0.0612559324633002
[0.25379992 0.04497422],,
[0.21171744 0.19985758],0.5,0.0171765835100394
[0.5492323  0.04302435],,
[0.4518853  0.05875048],,
[0.61081994 0.12026225],,
[0.25609526 0.01535638],,
[0.19564496 0.13855566],,
[0.411344   0.40927127],,
[0.5412299 0.1449096],,
[0.48829076 0.0947196 ],,
[0.49855515 0.04490499],,
[0.33064064 0.0236535 ],,
[0.19591406 0.03319415],,
[0.17599994 0.26792875],0.4,0.2248099057743796
[0.43761027 0.0258851 ],,
[0.50379896 0.04065788],,
[0.30379602 0.12503806],,
[ 0.5142874  -0.00197503],,
[0.24117576 0.10517213],,
[0.47291312 0.0685672 ],0.3,0.2889022813152166
[0.47853994 0.20711051],0.7,0.2512433138841938
[0.5152268  0.05784313],,
[0.17965373 0.2837223 ],,
[0.5813053  0.15008971],0.4,0.0985046343219059
[0.2994577  0.13017549],,
[ 0.42568433 -0.01042173],,
[0.38805345 0.21040823],,
[0.48325554 0.02741356],,
[0.36540163 0.07540496],,
[0.7236685  0.09782303],,
[0.17246243 0.24678114],0.7,1.7555601659897669e-06
[0.45750308 0.05140313],,
[0.4935596  0.01311671],,
[0.256283  0.0094387],,
[0.23621586 0.03263225],,
[0.46585155 0.00713077],,
[0.25018227 0.34760615],,
[0.16483694 0.05063545],,
[0.18801844 0.03534027],,
[0.5250821  0.01072607],,
[0.51252955 0.01471017],0.3,0.4166813355556855
[0.4921515  0.17110176],,
[0.3584112  0.35424352],,
[0.29677218 0.12972067],,
[0.31847987 0.0304065 ],,
[0.21966241 0.03408509],,
[0.5355533  0.10528347],0.7,0.275030741467517
[0.34226242 0.24062665],,
[0.43222985 0.03407841],,
[0.36320537 0.00991855],,
[0.44381595 0.03564208],,
[0.15984422 0.17032743],,
[0.45507315 0.07205801],,
[0.30071157 0.22638524],,
[0.65594965 0.08985868],,
[0.29959747 0.00481811],0.7,1.2514938479725133e-06
[0.4061905  0.32479224],,
[0.54611856 0.28763375],,
[0.42987    0.00451758],,
[0.45318857 0.20483947],,
[0.5708221 0.0495328],0.5,0.1355754985511704
[0.1880252  0.16557457],,
[0.3466385 0.1445615],,
[0.26166648 0.0489793 ],,
[0.15456091 0.05574225],,
[0.355707   0.03793911],0.5,0.0318898420521044
[0.72557825 0.18495806],0.5,0.2411092923433429
[0.5002224 0.0034966],,
[ 0.4743718  -0.01551778],,
[0.38697755 0.02370806],,
[0.29985374 0.3020399 ],,
[0.40171358 0.1470032 ],,
[ 0.4586303  -0.00553189],0.5,0.0299067615875794
[0.44622865 0.02629699],0.3,0.3733089989156301
[0.5276369 0.2059224],,
[0.39125603 0.01263624],,
[ 0.448177   -0.01119342],0.4,0.295300581785818
[0.23297544 0.06671217],,
[0.23978513 0.03162057],,
[0.1798987  0.04354726],,
[0.5366893 0.3906649],,
[0.45168278 0.05528168],,
[ 0.49287093 -0.01322641],0.5,1.6247529442729588e-06
[0.3639363  0.00587722],,
[0.2209861 0.1655258],0.5,0.2777988716223598
[0.5264345 0.1208787],,
[0.40709826 0.07401966],,
[0.37023428 0.24294958],,
[0.39431605 0.007812  ],,
[0.40835553 0.13131431],,
[0.43727764 0.1586674 ],,
[0.42858183 0.04801882],,
[0.48423624 0.03402562],,
[0.43000793 0.00906246],,
[0.43058538 0.08258291],,
[0.29657552 0.1285004 ],,
[0.5337394  0.27400643],,
[0.2419452  0.03038727],,
[0.39651236 0.11228054],,
[0.6755494  0.10852388],0.5,0.2871026180220724
[0.21139315 0.03067054],,
[0.19660616 0.02308339],,
[0.30205163 0.08487958],,
[0.67684454 0.16459559],,
[0.4835779  0.03432079],,
[0.67971885 0.11893021],,
[0.44573376 0.07042662],0.3,0.0217687920651644
[0.48970193 0.00982736],,
[0.44745678 0.0203656 ],,
[0.1664111  0.04370531],,
[0.39837384 0.05200423],0.4,0.653167117598051
[0.24264139 0.03240385],,
[0.6074773  0.09804054],,
[0.44286    0.09017813],,
[0.31777233 0.04910708],,
[0.32154703 0.0390853 ],,
[0.24902332 0.04870968],,
[0.24793696 0.19205338],,
[0.53905255 0.07239558],,
[0.4828973  0.02313549],,
[0.25165075 0.01370488],0.2,0.0492613202241807
[0.29303363 0.00515071],0.7,0.3491784776690584
[0.48419067 0.02398342],,
[0.3754429 0.2615527],,
[0.41073242 0.02295123],,
[0.28181997 0.06533905],0.1,0.445692370241295
[0.34393945 0.04775107],,
[0.21909422 0.02430604],,
[0.472741   0.02830763],,
[0.2922921  0.01259325],0.5,0.3154814099350763
[0.39253297 0.0418584 ],0.5,0.5083018058079327
[0.34012336 0.01025224],0.5,0.4968657062812797
[ 0.46509302 -0.00543466],,
[0.34881285 0.06142317],,
[0.39666897 0.11951613],,
[0.1619984  0.06168767],,
[0.35273412 0.06927887],0.7,0.3490619673458791
[0.19751894 0.04309956],,
[ 0.3721055  -0.00551666],,
[0.26188293 0.03176686],0.7,0.2797690722965394
[0.4828866  0.18428235],,
[0.1962265  0.04670668],,
[ 0.50704086 -0.01133622],,
[ 0.5253175  -0.00545507],,
[0.56018966 0.00841575],,
[0.36973685 0.01519492],0.5,0.3478474478546864
[0.4970891  0.13503014],0.4,0.3778436769412049
[0.30871552 0.02282774],,
[0.26089084 0.01323907],0.7,0.2477126247137936
[0.44870326 0.12557548],,
[0.36991057 0.01346965],,
[ 5.1799864e-01 -9.2227012e-05],,
[0.59112424 0.00087013],,
[0.2903408 0.0719827],,
[0.3062276 0.2971842],,
[0.5583023  0.00541772],,
[0.23147473 0.02780942],,
[0.44487253 0.00361612],0.7,5.679577101221179e-06
[ 0.46844167 -0.00372528],,
[0.59891737 0.0840861 ],,
[0.42633635 0.02901229],,
[0.17531405 0.0458174 ],0.7,0.1824274032581719
[0.5251846  0.14313605],,
[0.4756936  0.12336765],,
[0.37294197 0.03665876],,
[0.48945948 0.06420246],,
[0.35807347 0.09937496],,
[0.28495124 0.10424758],0.5,0.325136013224025
[0.29735714 0.03182778],0.5,0.3204488909359471
[0.35583547 0.03665101],,
[0.39108798 0.05749866],,
[0.48786432 0.00715684],0.5,0.2315071355226796
[0.37256184 0.01871337],,
[0.29740432 0.01229693],,
[0.18823048 0.05494357],,
[0.54722744 0.05723413],,
[0.45132017 0.18524086],0.5,0.4470257747887895
[0.44741243 0.04754037],0.5,0.034990899111302
[ 0.359514   -0.01692462],,
[0.19127917 0.0719735 ],0.5,0.0377506739489527
[0.24539599 0.40830895],,
[0.20339154 0.0293426 ],0.7,0.8375570270167606
[0.60943925 0.1668899 ],,
[0.5924808  0.00296899],,
[ 0.5789917  -0.02119311],,
[0.38568047 0.01477655],,
[0.64156115 0.09689349],,
[0.30703348 0.04563615],,
[0.28022298 0.0038013 ],,
[0.5324154  0.00691577],,
[0.4489935  0.01804872],0.6,0.5642942349194975
[ 0.46496952 -0.00585346],,
[0.42919824 0.06945522],,
[0.24246374 0.11943138],0.6,0.0453353983244985
[0.61936694 0.25830463],,
[0.43082985 0.02493911],,
[ 0.4089487  -0.00627613],,
[0.47482002 0.01884624],,
[0.18768063 0.09461588],,
[0.60305315 0.04943627],0.5,0.2917010472023543
[0.5862153  0.22469915],,
[0.4549091  0.20080303],,
[0.1948257  0.31223294],,
[0.5278894  0.18117854],0.2,0.5166291776452772
[0.18018357 0.05919429],0.8,0.4231238320378684
[ 0.483987   -0.00240586],,
[0.41349164 0.11185088],,
[0.33701167 0.02552981],,
[0.6340461  0.19203575],,
[ 0.39402193 -0.00478657],,
[0.48499185 0.07138097],,
[ 0.4758101  -0.00080215],,
[0.56950873 0.09744254],0.2,0.0378227505651662
[0.24904318 0.033513  ],,
[0.44364467 0.03794311],,
[0.29511642 0.08808486],,
[0.44062513 0.25402465],0.6,0.3866168080705346
[0.5254891  0.24039306],,
[0.16687328 0.11844356],0.5,0.4871576741844769
[0.276447   0.03332319],,
[ 0.33997512 -0.00687843],,
[0.33297488 0.21751752],,
[0.3688323  0.03159807],,
[0.25961545 0.09337978],0.6,0.5218135441006996
[0.1898847  0.03095736],,
[ 0.34091416 -0.01092766],0.7,2.147970618803581e-06
[0.4881096  0.01693577],,
[0.3901243 0.1297145],,
[0.2776649  0.03053345],,
[0.46950927 0.02156836],,
[0.17057082 0.20705321],,
[0.38527262 0.01148676],0.4,0.6001835568385508
[ 0.44303703 -0.00780255],0.5,1.7741033177309396e-06
[0.34677798 0.00780661],0.1,0.4306692722876606
[0.17411533 0.10455605],,
[0.33417886 0.00176191],,
[0.34162366 0.01630306],,
[ 0.35843453 -0.00256061],,
[ 0.67473924 -0.02896057],,
[0.39008582 0.06988136],,
[0.20969924 0.3888255 ],,
[0.45131475 0.04933801],,
[0.47496375 0.03386314],,
[0.49460733 0.10841527],,
[0.31178528 0.33952025],,
[0.195216   0.04836919],0.5,0.0338030288690446
[0.23018272 0.04488522],,
[0.48163393 0.08784395],,
[0.3350386  0.02850211],,
[0.23203188 0.11042629],,
[0.48419917 0.0317727 ],,
[0.3982467  0.08805886],0.5,0.0515394766996365
[0.16949286 0.05108501],0.1,0.0565728254986666
[0.17576447 0.03810493],0.7,0.0565795974857974
[0.33688313 0.03896559],,
[0.19926946 0.04564884],,
[0.5837392  0.10365775],,
[0.21378672 0.03723929],,
[0.32778972 0.0023084 ],,
[0.49512017 0.06675151],,
[0.39586282 0.04876619],,
[0.4688715  0.09224713],0.5,0.0347819304439369
[0.5303454  0.07169752],,
[0.516501   0.11697504],0.1,0.0348719024398496
[0.3705954  0.43767682],,
[0.44988668 0.02741449],0.4,3.86502379104106e-06
[0.3421124  0.25171635],,
[0.41854084 0.00552788],,
[0.36846557 0.12908126],,
[0.5101118  0.01069111],,
[0.6036713  0.08298622],,
[0.36649528 0.16462766],,
[0.50251955 0.05501863],0.5,2.6920261294468866e-08
[0.5095131 0.0426641],,
[0.22653595 0.04421642],,
[0.45259333 0.01215725],,
[0.16954824 0.12200367],,
[0.28599533 0.03783668],,
[0.28648823 0.03863934],0.5,0.0463017912673339
[0.36984843 0.0178372 ],,
[0.48367813 0.01162738],,
[0.5335706  0.06480342],0.3,0.4641703832275121
[0.22404084 0.11162461],,
[0.30182987 0.0324868 ],,
[0.54731715 0.08206531],,
[0.23704891 0.02502605],,
[0.55959624 0.05997414],,
[0.28582644 0.15700164],,
[0.29509556 0.1555317 ],,
[0.5797662  0.05001334],,
[0.5496849  0.06230535],0.5,1.3944134270687072e-08
[0.16277176 0.04619081],,
[0.5012237  0.17822322],,
[0.42702162 0.03185822],,
[0.6080738  0.13224395],,
[0.54896694 0.10622075],,
[0.47283617 0.28565803],,
[0.42351943 0.0745202 ],,
[0.47006744 0.03849512],0.7,0.0667880648985831
[0.2739041  0.03875512],0.5,7.451955757728059e-07
[0.20625159 0.03676124],,
[0.15349804 0.15891738],,
[0.22005758 0.35103318],,
[0.2497889  0.09688964],,
[0.4962545  0.01602206],,
[0.55835825 0.15970857],0.5,7.432867732242798e-07
[0.39638802 0.01443097],,
[0.46296388 0.01218451],0.3,4.079393176832746e-12
[0.4300325  0.01294544],0.3,3.8464538758806476e-09
[0.7454675  0.56217736],,
[0.47677046 0.04644267],,
[0.51395875 0.29402405],,
[0.5241049  0.20513819],,
[0.4050953 0.1586134],,
[0.4265952  0.20551275],,
[0.18535279 0.03920504],0.5,3.897365778464577e-09
[0.44621396 0.0554868 ],,
[0.2625519  0.01552969],,
[0.16005288 0.07264018],0.5,4.999654809039776e-09
[0.5874091  0.27629197],,
[0.6091627  0.02920686],0.5,0.1532483754006242
[ 0.5873069  -0.00833303],,
[ 0.2906016  -0.00166415],0.5,0.4641702823998464
[0.17992856 0.3349986 ],,
[0.3233735  0.05008279],,
[ 0.37709582 -0.02456678],,
[0.3919645  0.05620501],,
[0.47725224 0.00124973],,
[0.5086511  0.01634911],,
[0.23716699 0.01268312],,
[0.44725624 0.02190397],,
[0.44912875 0.00473068],,
[0.4803946 0.1832827],0.4,3.1907870028149305e-07
[0.31961894 0.06707527],,
[0.76619035 0.01141582],,
[0.34320897 0.02484697],,
[0.5579903  0.06566697],,
[0.34267986 0.14305368],,
[0.5017584  0.00384827],0.1,2.8393758649245663e-05
[0.24990666 0.0114591 ],,
[0.17351651 0.03885262],0.5,5.784624517121916e-09
[0.43359998 0.07053079],,
[0.37449086 0.03996507],,
[0.58314276 0.0513127 ],,
[0.41692823 0.01355885],,
[0.5904043  0.04560168],,
[0.4475071  0.01352187],,
[0.50941813 0.0231823 ],,
[0.53249764 0.02070846],,
[0.34347075 0.01918003],0.5,0.5015995896617145
[0.20020458 0.05800918],,
[0.4597582  0.01656276],,
[0.25975943 0.04897949],,
[0.2413511  0.11413974],,
[0.2681127 0.3130819],,
[0.3067878  0.25540236],,
[0.21747848 0.09602255],0.3,3.645566026121614e-09
[0.24162984 0.01296514],,
[0.5669417  0.01698443],,
[0.4047803  0.08091291],0.5,1.101847142961276e-09
[0.3917855  0.00367063],0.7,2.4383503037965354e-05
[0.39350837 0.05168103],,
[0.61632794 0.4375524 ],0.5,1.8571807103688759e-10
[0.4701053  0.09738949],0.5,1.8571798069831172e-10
[0.42096817 0.003365  ],0.2,0.0001831600390352
[0.38118044 0.04627452],,
[0.5768602  0.00109575],0.5,0.4641703821860107
[ 0.45490068 -0.00164566],,
[ 0.63052297 -0.01361883],,
[0.39141077 0.4233169 ],,
[0.4511201  0.07595394],,
[0.38939577 0.0201403 ],,
[0.29898453 0.03527487],,
[ 0.5874022  -0.00665266],0.3,0.4096075855954946
[ 0.51096773 -0.00202075],,
[0.18392   0.0500123],,
[0.49558115 0.28520644],,
[0.34354752 0.10370439],0.5,4.1908304106479165e-07
[0.48157448 0.0241718 ],,
[0.26203224 0.05720356],,
[0.3031172  0.03603189],0.5,8.861858596161198e-06
[0.3530781  0.07169051],,
[0.53181607 0.09221846],,
[0.4026561  0.07714203],,
[0.17128566 0.25813228],,
[0.3955385 0.0152223],,
[0.16964367 0.04708893],,
[0.45899552 0.01318759],,
[0.22887488 0.03024793],,
[0.43240476 0.0529241 ],,
[0.20606683 0.05717083],,
[0.46497515 0.00963904],0.4,0.0034954558151395
[0.17338371 0.04292408],,
[0.24252124 0.01444434],0.5,1.2994890016089415e-06
[0.41726378 0.46370384],,
[0.3742104  0.02530829],,
[0.34422582 0.03173768],,
[0.4145899  0.01586895],,
[0.30917865 0.28874317],,
[0.2916086  0.05432797],,
[0.4630943  0.24543458],,
[0.2272783  0.02378757],,
[0.4969533  0.01726925],,
[0.24306037 0.04991706],,
[ 0.55630064 -0.00567177],,
[0.62642825 0.10487639],,
[0.43600118 0.1958842 ],,
[ 4.4848672e-01 -4.3869019e-05],0.4,0.3751553597941065
[0.15613958 0.05681741],0.3,0.1374607815461213
[0.29618713 0.04474673],,
[0.5311485  0.10382675],0.3,2.583822608601199e-05
[0.34855676 0.02370012],0.5,3.775335837323621e-10
[0.20274127 0.03034323],,
[0.35923448 0.04380874],,
[0.5373535  0.36619398],0.4,0.3658921782292664
[0.39116877 0.04383689],,
[0.46163073 0.08459809],,
[0.43438095 0.07092079],,
[0.39123133 0.02450414],,
[0.5179759  0.25077015],,
[0.34271672 0.07786594],,
[0.23990954 0.04075586],0.2,0.0435233501159404
[0.4877592  0.10169291],,
[0.21620311 0.02549908],0.4,0.0062802182735145
[0.36369908 0.00701351],0.3,0.0468672866549379
[0.53409165 0.00920565],0.1,9.369630091656678e-06
[0.49101967 0.02095337],,
[0.57555664 0.0623926 ],,
[ 0.5285504  -0.00683511],0.5,0.266818013118178
[0.26521796 0.03143751],,
[0.35435498 0.19206014],,
[0.3003518 0.0905244],,
[0.29523343 0.16287066],,
[0.2079809  0.20364574],0.3,0.0032644939055545
[0.53092283 0.19348003],0.4,0.1363271174258147
[0.2643431  0.47198883],,
[ 0.37495142 -0.01321169],,
[0.45069623 0.00789572],,
[0.52534336 0.01790167],,
[0.51916695 0.10636476],,
[0.36419302 0.255215  ],,
[0.26870248 0.21777204],,
[0.5032051  0.33600405],,
[0.2865265  0.03700954],,
[0.3038203  0.03224584],,
[0.3975146  0.13653655],,
[0.2673522  0.11125448],0.1,3.1325589985549406e-09
[0.47016189 0.00681816],,
[0.5698165  0.12158937],,
[0.38039088 0.05895471],,
[0.32563016 0.01464999],0.5,8.840192827710388e-11
[ 0.414087   -0.00243509],,
[ 0.43439278 -0.01724279],,
[0.30502874 0.11077063],,
[0.51324904 0.02273047],0.3,5.426551415057271e-06
[0.34208873 0.01874872],0.4,0.0051027829250891
[0.20223692 0.03247562],,
[0.25278795 0.03966343],,
[0.59869176 0.00997138],,
[0.30401918 0.00157302],0.5,0.0001293793051489
[0.5412471  0.10140194],,
[0.6516479  0.08310872],,
[0.35139495 0.03636575],,
[0.2913344  0.39560413],0.1,0.000253821174174
[0.18116485 0.04019989],,
[0.21976925 0.05666922],,
[0.20930175 0.03567574],0.2,5.341136134086856e-06
[ 0.5439122  -0.01727281],,
[0.45019022 0.25720814],,
[ 0.3065538  -0.00163376],,
[0.1644747  0.04614445],,
[0.54344386 0.01871076],0.3,0.4640359243001116
[ 0.51158804 -0.02089664],,
[0.2858419  0.03431974],,
[0.44063324 0.03736197],,
[0.40090096 0.16311532],,
[0.25052312 0.00999179],,
[0.3319081  0.03641253],,
[0.27697295 0.05108766],0.6,0.3247501271322942
[0.6313664  0.07851577],,
[ 0.3789385  -0.01590301],,
[0.31669807 0.03695849],,
[0.40111926 0.03193351],,
[0.30321914 0.0595898 ],,
[0.3084808  0.05311878],,
[0.5215831 0.0139948],,
[0.31563377 0.00155636],0.1,1.9206930901440217e-05
[0.46557474 0.00406209],,
[0.4849093  0.01326727],0.1,5.258610158597342e-07
[0.44368273 0.02946618],,
[0.15161768 0.07422245],0.7,0.0028290270757498
[0.17827445 0.0415328 ],,
[0.3263118  0.09674716],,
[0.431975   0.01283989],,
[0.47807556 0.00386108],0.5,0.304722135939839
[0.24999042 0.34810486],,
[0.43069398 0.03735592],,
[0.2884416  0.01344349],,
[0.3298853  0.20005432],,
[0.4947584  0.05429792],,
[0.4292861  0.04726127],,
[0.48682523 0.02765789],,
[ 0.5489518 -0.0020011],,
[0.5429128  0.01348174],,
[0.25293162 0.10744078],,
[0.35663158 0.02705134],,
[0.53952837 0.0810156 ],0.3,0.0244822644348913
[0.3029242  0.03577612],0.1,0.0230738798828426
[0.23775715 0.02642684],,
[0.6781591 0.2126812],,
[0.36362973 0.03217474],,
[0.50876176 0.19455746],,
[0.5726399  0.05070382],,
[0.4622786  0.00614565],,
[0.1871319  0.13332981],0.2,4.876938192501097e-09
[0.4776643  0.31118003],,
[0.17450708 0.0554939 ],,
[0.24583124 0.07042403],,
[0.37873533 0.01151297],0.5,5.394905380883694e-09
[0.2989866  0.13151528],,
[ 0.37300652 -0.01210765],,
[ 0.31755605 -0.00374505],,
[0.2904916  0.06260337],,
[0.5784346 0.0715877],,
[0.21191353 0.02473948],,
[0.71549517 0.09317174],,
[0.3175771  0.09110817],,
[0.55697626 0.20427534],,
[0.25952542 0.03060434],,
[0.230025   0.05883522],,
[0.44797584 0.06030549],,
[0.22401546 0.05599213],,
[0.38224635 0.02211795],,
[0.45272428 0.14803183],,
[0.19337466 0.07462811],,
[0.42972407 0.0098129 ],,
[0.31643093 0.11144568],,
[0.33827332 0.03345522],,
[0.32909748 0.02946164],,
[0.27562094 0.06809604],,
[0.3306816  0.09819745],,
[0.2295478  0.01880969],,
[0.27661937 0.06126203],0.5,3.28824179083507e-06
[0.47035128 0.2329108 ],,
[0.42654592 0.09407111],,
[0.36797437 0.05281944],,
[0.2112874  0.07901203],,
[0.5304143 0.1400597],,
[ 0.48016942 -0.00732798],0.1,7.422243179980626e-05
[0.45815974 0.01582768],,
[0.44218132 0.06157833],,
[0.29357702 0.02559703],,
[0.47165734 0.0689185 ],,
[0.1949273  0.04472374],,
[0.374575   0.03858917],,
[0.52869475 0.08555461],,
[0.28667834 0.00371099],0.1,0.0001148303248036
[0.22232556 0.02579663],,
[0.42877513 0.02617648],,
[0.26084855 0.10016093],,
[0.36651066 0.00717572],,
[0.54519546 0.1814737 ],0.4,1.1000533365054325e-08
[0.38066557 0.16617242],,
[ 0.43041843 -0.0154517 ],0.5,7.177262985634888e-05
[0.18609075 0.04568443],,
[ 0.44006783 -0.00570725],,
[0.48502734 0.06935514],,
[0.31784612 0.49715137],0.5,2.0329232950268743e-05
[0.3430035  0.04988718],,
[0.36880594 0.0161013 ],,
[0.581267   0.00350055],,
[0.1499526  0.05494574],,
[0.39233467 0.06288739],,
[0.33643073 0.20733246],,
[0.65986526 0.02134633],,
[0.27372617 0.00160086],,
[ 0.66340375 -0.02168754],,
[0.45675907 0.10489738],,
[0.4353831  0.03736972],,
[0.26604447 0.00819008],,
[0.4136696  0.00876179],,
[0.39199227 0.161606  ],,
[0.16027483 0.05148399],,
[0.181146  0.0363079],,
[0.17415825 0.05719506],0.1,5.773159952191348e-06
[0.2696519 0.3611133],,
[0.57277936 0.42151085],,
[0.6944132  0.10347566],,
[0.45819315 0.0239326 ],,
[0.17995249 0.1272217 ],,
[0.37759522 0.09113482],,
[0.57468843 0.10161707],,
[0.51545626 0.12734763],,
[0.34362504 0.14445329],,
[0.49226364 0.08085594],,
[0.24596108 0.18523419],,
[0.20036055 0.05627137],0.5,1.3858972256878996e-10
[0.3537773 0.4203222],,
[0.34755492 0.03674379],,
[0.21216594 0.08234183],0.3,4.837665361560783e-07
[0.3148979  0.24062282],,
[0.1469484  0.05741768],,
[0.25460118 0.0202299 ],,
[0.28818542 0.09415105],,
[0.17800127 0.04377009],,
[0.42197263 0.12698206],,
[0.35935804 0.01239743],,
[0.17501046 0.05037519],,
[0.16492736 0.04920255],,
[0.20215493 0.03436601],,
[0.55992293 0.06144075],,
[0.4164895  0.18820965],,
[0.385791   0.03865344],,
[0.3551166  0.04541545],0.5,0.46403338514188
[0.2895149  0.17581701],,
[0.5288827  0.10577694],,
[0.24340148 0.08512236],,
[0.57499397 0.10090347],0.5,9.174490922560561e-09
[0.55881375 0.04969257],,
[0.38576236 0.00998954],,
[ 0.68587947 -0.03354529],,
[0.4344708  0.07403482],0.1,0.3161958159449295
[0.38024834 0.05719388],,
[0.43946096 0.01224484],,
[0.5471213  0.10862298],0.1,0.0304911676694795
[0.23601285 0.02342116],,
[0.15517984 0.12286061],,
[0.38830912 0.02679165],,
[0.32380283 0.23636648],,
[0.5066417 0.0569987],,
[0.34614187 0.03558508],0.7,0.0002072582303135
[0.3323786  0.01606282],,
[0.41793337 0.02982123],0.1,0.0508272357418054
[0.24283473 0.06879273],0.5,0.0531635579317644
[0.48098645 0.03667878],0.1,0.0001818128578826
[0.23414558 0.03990562],,
[0.54433686 0.05369008],,
[0.37880683 0.02360555],,
[ 0.54424906 -0.00799729],,
[0.2916782  0.02066213],0.3,7.390860638844802e-06
[0.3534909  0.01261411],,
[0.2426005  0.04755363],,
[0.54654014 0.07133435],,
[0.47193575 0.02120114],,
[0.4971022  0.03962071],0.4,0.0001906249661994
[0.5135924  0.03157248],,
[0.340219 0.030418],,
[0.54486126 0.32880452],,
[ 5.4194754e-01 -1.6833097e-04],,
[0.29781485 0.08469792],,
[0.4530128  0.02034279],,
[0.19280103 0.04344624],,
[0.21971127 0.04244644],,
[0.18625076 0.03693869],,
[0.4312133  0.01977327],,
[0.40782958 0.06946199],,
[ 0.42842487 -0.0014796 ],,
[0.50561273 0.04278252],,
[0.32994205 0.25679654],,
[0.33829907 0.1492942 ],,
[0.2000363  0.19635525],0.4,0.4630142915732289
[0.21690552 0.07535424],,
[0.17995635 0.14024413],0.1,4.875506718262015e-06
[ 0.46633768 -0.02354717],0.1,0.0002861794399373
[0.3266211  0.32696003],0.5,3.550616526297209e-05
[0.21703316 0.18438593],,
[0.31673205 0.01571811],,
[ 0.43943682 -0.00204016],,
[0.31979546 0.02215002],,
[0.4442749  0.15638468],,
[0.29749873 0.06569663],,
[0.339161   0.04886469],,
[0.35104153 0.07374369],,
[0.4630013  0.01303419],,
[0.5133945  0.03312059],,
[0.43928194 0.0108817 ],,
[ 0.47051787 -0.01725879],,
[ 0.58200884 -0.000707  ],,
[0.31470925 0.01704375],,
[0.2325834  0.27922392],0.5,9.474268154956755e-06
[0.22938904 0.02430643],,
[0.3474905  0.01954211],,
[0.44626886 0.10621357],,
[0.5465534  0.15916488],,
[0.35702863 0.05101646],,
[0.3398242  0.21593548],,
[0.5208472 0.0106787],,
[0.14870211 0.05579977],,
[0.22388557 0.04694274],,
[0.621168   0.06738098],0.3,0.0001818128552074
[0.5860032  0.20006473],,
[0.47418752 0.04111404],,
[0.15806726 0.06634388],,
[0.5355994  0.05064828],,
[0.5250516  0.04365892],,
[0.58907956 0.09477773],,
[0.4755557  0.01131304],,
[0.4867786  0.11304058],,
[0.2267816  0.03040834],0.8,0.4767853945159461
[0.3278196  0.01772027],,
[0.1714482  0.04573602],0.5,0.2537853011821706
[0.55856395 0.03804135],,
[0.29594132 0.02808162],,
[0.5029371  0.00706476],0.3,0.4630143272696526
[0.5094224  0.10303631],0.2,0.4630143272696524
[0.52741754 0.08604921],,
[0.60960424 0.19834703],,
[0.6835748 0.0575846],,
[0.23228899 0.02917737],,
[ 0.57478666 -0.02352252],,
[0.34650093 0.00236282],,
[0.4804418  0.00371548],,
[0.40038544 0.04057053],,
[0.50983346 0.48715574],0.5,2.7180975343742573e-05
[0.5869572 0.097831 ],,
[0.33283567 0.03578408],0.5,2.015788404133554e-05
[0.2338234  0.03172529],,
[0.4052279  0.13738678],,
[0.5479107  0.04762152],,
[0.4767323  0.09978735],0.5,0.2785268542053599
[0.42270598 0.07575919],,
[0.22062528 0.03578308],,
[0.527091   0.00896105],,
[0.3411833  0.03316147],0.4,7.417497143909321e-06
[0.21195772 0.04723153],,
[0.61759114 0.08786539],0.5,0.5166293612862344
[0.2137032  0.03597736],,
[0.26472396 0.00887328],0.4,0.0001818128416211
[0.50246686 0.05800717],,
[0.3669778  0.05681698],,
[ 0.540804   -0.00276103],,
[0.16648929 0.04365191],,
[0.28775203 0.05968003],0.4,0.4733173777560662
[0.47535023 0.08274714],,
[0.21514273 0.32486823],,
[0.2986484  0.03822337],,
[0.58593214 0.26443398],,
[0.2225571  0.02241192],,
[0.48925146 0.03786001],,
[0.4811678  0.03563702],,
[0.64655375 0.06677639],,
[0.56419325 0.03439138],,
[0.16255867 0.05805653],0.3,0.2145807901709447
[ 0.59340274 -0.00089459],,
[0.43374246 0.00346984],0.3,1.477998740182711e-05
[0.42256185 0.10954203],,
[0.25587577 0.01366935],,
[0.21289131 0.03281926],,
[0.4832618  0.36142936],0.7,9.294785108008188e-06
[0.35560915 0.03408869],,
[0.3666842  0.12715662],,
[0.6209589  0.09414236],,
[0.503517   0.00397985],,
[0.4213245  0.00727741],,
[0.19503333 0.21349245],,
[0.34144783 0.27746645],,
[0.1621467  0.08711544],,
[0.5191535  0.12072215],0.7,1.052422990459685e-05
[0.40680274 0.14472222],,
[0.2685504  0.02078674],0.6,3.679744185969042e-05
[0.15597798 0.12791523],,
[0.26533896 0.07879811],,
[0.4877527  0.07685575],,
[0.5813493  0.00488723],,
[0.5038782  0.01160563],,
[0.4344591  0.01724148],,
[0.25204477 0.32443824],,
[5.2579594e-01 2.6927888e-04],,
[0.306516   0.02454256],0.5,0.5269455441365232
[0.3990715  0.04798944],0.1,0.4630142915732286
[0.39292365 0.03163298],,
[0.39501622 0.028063  ],,
[0.28361663 0.03141286],,
[0.17167953 0.06445739],,
[0.43258855 0.07215249],,
[0.3449503  0.03768262],,
[0.60801613 0.20435116],,
[0.27002054 0.23306635],,
[0.1991759 0.2064707],,
[0.50545645 0.02169778],,
[0.2796972 0.0175808],,
[ 0.4333951  -0.01458519],,
[ 0.5070401  -0.01148138],,
[0.19304922 0.03082336],0.5,0.4278233378893319
[0.44422716 0.01001976],,
[0.42135346 0.01840116],,
[0.4019134  0.02436579],,
[0.337895   0.05077254],,
[ 0.49588454 -0.00894139],,
[0.6433789 0.1026799],,
[0.33742666 0.06515725],,
[0.19763775 0.03455734],,
[0.560498   0.13525212],0.5,0.3771316422732186
[0.49365097 0.02235378],0.5,0.089823991741955
[0.24252668 0.03489738],0.4,4.169096527908796e-05
[0.41505843 0.1980537 ],0.3,0.1802784775105597
[0.50296193 0.00576634],,
[0.35246074 0.01641232],0.3,4.215288785091717e-05
[0.38659325 0.00988217],,
[0.16351753 0.06265522],,
[0.4732713  0.09438121],,
[0.37566152 0.00612243],,
[0.17777358 0.18942775],,
[0.4767757  0.02019236],,
[0.31272784 0.15021122],,
[ 0.44585553 -0.01811481],0.4,2.1659288849982744e-08
[ 0.5851724  -0.01169619],,
[0.31185424 0.03819342],,
[0.3926608  0.45318675],,
[0.16651015 0.06721015],0.5,2.0134993281610952e-08
[0.6178262 0.0478168],0.4,0.2175853477452174
[ 0.4686582  -0.01889644],,
[0.27309996 0.03389228],,
[0.50173885 0.01085159],,
[0.38569435 0.02151031],0.6,2.2595407680980661e-07
[0.26249287 0.06093002],,
[0.25978357 0.01777285],,
[0.43044415 0.10768281],0.4,0.000314751728858
[0.34975517 0.24373022],,
[0.5644922  0.02053719],,
[0.44650787 0.10072748],,
[0.48878652 0.07702117],,
[0.35859683 0.01701715],,
[ 0.5729325  -0.00320785],,
[0.47439808 0.01654935],,
[0.36155555 0.1748723 ],,
[0.6703318  0.03075964],,
[0.25883156 0.0323688 ],,
[0.4118477 0.0729626],,
[0.62804174 0.04397514],,
[0.5456891 0.3824301],,
[0.5515643  0.01023474],,
[0.38442257 0.00882272],0.5,0.2716286352253551
[0.20849918 0.07412402],,
[0.29419306 0.0481969 ],,
[0.66588753 0.42198795],,
[0.3926896  0.00903448],0.3,0.4659260234028593
[ 4.2788154e-01 -3.0614808e-04],,
[0.38576108 0.01332649],,
[0.50177824 0.09717243],0.5,0.5868247946872079
[0.5707245 0.136675 ],,
[0.6184615  0.12023492],0.6,0.0848673784805767
[0.54721856 0.23549947],,
[0.2635526  0.03447912],0.5,0.182426332769978
[0.67738163 0.15188351],,
[0.4649828  0.01728821],,
[0.34405184 0.42071155],0.5,0.0001017867747452
[0.3877859  0.02843845],,
[0.22125635 0.13905087],,
[0.16354808 0.04690771],0.5,0.3043901464722805
[0.4016573  0.02748209],,
[0.32684374 0.2589243 ],,
[0.18004872 0.03620065],,
[0.30732012 0.03945387],,
[0.3139887  0.02493325],,
[0.15330641 0.08236814],0.1,4.372742440160003e-05
[0.36963263 0.03724273],,
[0.450364   0.14798105],,
[0.28613085 0.09026082],,
[ 0.44702557 -0.00442616],0.5,0.48064740948045
[0.22582714 0.02844784],,
[0.4341465  0.23404685],,
[0.61231405 0.32916564],,
[0.24952494 0.2740208 ],,
[0.60133433 0.32573354],0.3,0.3266715936202846
[0.3355854  0.00832538],,
[0.29708284 0.13919249],,
[0.4688237  0.14283986],,
[0.39584842 0.02353346],,
[0.43698516 0.03286445],,
[0.34000027 0.01567384],,
[0.23912083 0.01632648],0.4,0.5501979396346232
[0.33861637 0.04921142],,
[0.40244904 0.02612072],0.3,3.904371678828215e-08
[0.20127204 0.02856017],,
[0.69778657 0.06950769],,
[0.3514292  0.04956047],,
[0.4091987  0.01794408],,
[0.31713888 0.1042794 ],0.1,0.000322535171802
[0.5297907  0.09658676],,
[0.37976238 0.18590851],,
[0.41454977 0.05516421],,
[0.5023928 0.0110061],,
[0.28155708 0.03309017],,
[0.21428894 0.07766762],,
[0.5763697  0.18219274],,
[0.4756508  0.01473195],,
[0.22675198 0.02955433],,
[0.31914625 0.05025971],,
[0.2441262  0.02408161],,
[0.25592873 0.070599  ],0.2,0.000240028000715
[ 0.51767623 -0.02632375],,
[0.5607317  0.16257256],,
[0.41427633 0.01201341],,
[0.65123737 0.05937835],,
[0.35372496 0.19792193],0.5,0.5163576162206661
[0.6891538  0.14882864],0.2,0.0002824260697086
[0.43413454 0.00095227],0.4,0.5644585165532997
[0.3722668  0.03496509],,
[ 0.6120191  -0.00940284],0.4,7.273766241273644e-05
[ 0.42593965 -0.00481625],,
[0.17657563 0.05741921],,
[0.4820736  0.06115355],,
[0.4987147 0.0095295],,
[0.45615014 0.13978872],,
[0.57895124 0.07798933],,
[0.46388346 0.05511291],,
[0.2791     0.00279136],,
[0.32230228 0.04272712],0.5,0.2766708389572342
[0.49954423 0.08075289],,
[0.22878094 0.02829643],,
[0.56308025 0.19801705],,
[0.5138746  0.07768215],,
[0.46416494 0.07614468],,
[0.24110028 0.01198735],0.4,3.391818499529966e-05
[0.3942681  0.04113465],,
[0.4222364 0.0133655],0.5,0.5021978937292768
[0.63396126 0.04307193],,
[0.24604492 0.22894987],,
[0.37305668 0.23319241],,
[0.5484054  0.01068413],,
[0.20796257 0.30692822],,
[0.19788188 0.03783843],,
[ 0.46724772 -0.00872058],,
[ 0.73445535 -0.03022109],0.2,0.2983619338476199
[0.32047957 0.10706044],,
[0.33424443 0.0202971 ],,
[0.26448148 0.03766047],,
[0.24672094 0.16078824],,
[0.55008495 0.06282208],,
[0.28629792 0.1870903 ],,
[0.36891848 0.01405148],,
[0.3327334  0.05941786],,
[0.22417022 0.15715633],,
[0.33274198 0.03150374],,
[0.37236512 0.19858578],,
[0.2080061  0.04325899],0.2,0.0002116281207168
[0.43349558 0.21162558],,
[0.470714   0.10663944],,
[0.41469407 0.04981865],0.5,0.2912370889355937
[0.23601    0.01564957],,
[0.3821907  0.05987218],,
[0.35927403 0.03073774],,
[0.53253484 0.02732157],,
[0.5263303  0.10505037],,
[0.35736692 0.10493896],0.4,1.907752721609967e-05
[0.36394036 0.00231332],,
[0.37503156 0.06394911],,
[0.44028446 0.2987755 ],,
[0.4407951 0.2947798],,
[0.26211736 0.08072525],0.5,3.589057929633112e-05
[0.594321  0.2616639],,
[0.43319154 0.0351049 ],,
[0.16631803 0.04376887],,
[0.3501422  0.03387288],0.2,0.4337925574697366
[0.5285539  0.07990144],,
[0.33977276 0.23707783],0.4,0.0645962508823122
[0.31691056 0.01819335],,
[0.4899322  0.01035978],,
[0.32164404 0.18860877],,
[0.39853123 0.08319142],0.5,0.0001272689914246
[0.2698354  0.01478466],,
[0.47068575 0.05707081],,
[0.38162622 0.02384403],,
[0.66775024 0.29920703],,
[0.54553145 0.0080101 ],,
[0.3452693  0.26637027],,
[0.54732877 0.20310858],0.5,0.367632219776923
[0.5187336  0.22099067],,
[0.3325478  0.07916266],,
[0.5077587 0.0018126],,
[0.3351774  0.04597065],,
[0.31331244 0.03692029],,
[0.32811376 0.03716943],,
[0.40631074 0.17628442],0.4,0.4812106540224766
[0.3144701  0.04250991],,
[0.2587384  0.02825757],,
[0.3237898  0.07616636],,
[0.22339374 0.04031696],0.3,0.0003176803883703
[0.24210837 0.01203001],,
[0.302739   0.01920916],0.5,0.0002231358437427
[0.23188996 0.11572665],,
[0.43035206 0.06643765],,
[0.46700382 0.06831326],0.3,0.0003178137050366
[ 0.49612188 -0.0062059 ],,
[0.52365494 0.17621776],,
[0.24309716 0.02626842],,
[0.4704336  0.01551531],0.3,5.074124846569607e-05
[0.23108843 0.03475874],,
[3.2694620e-01 1.6700476e-05],,
[0.19579254 0.05651223],,
[0.2825909  0.16909923],,
[0.18789206 0.15945497],0.2,4.450430253779817e-06
[0.21099305 0.02348421],,
[0.50678533 0.0053587 ],,
[0.2896837  0.01797077],0.2,0.0322596343317615
[ 0.5386878  -0.00588911],,
[0.3010748  0.07180928],,
[0.3956261  0.02875432],,
[0.3800408  0.01420578],,
[0.63429374 0.02742578],,
[0.4370116  0.04311575],0.1,4.342291867624816e-05
[ 0.85255235 -0.00752875],,
[0.31450263 0.03032301],,
[0.20812617 0.10961281],,
[0.42292565 0.0056811 ],0.3,2.9894912733505127e-06
[0.4294797  0.01563425],0.2,2.9894913015125164e-06
[0.39026442 0.04132039],,
[0.33321118 0.07078794],,
[ 0.45809457 -0.0022382 ],,
[0.19410938 0.03507802],,
[0.4987125  0.20795038],,
[0.3984258  0.22298373],,
[0.16230641 0.04808152],,
[0.35364428 0.03292248],,
[0.35525134 0.02547713],,
[0.5309638  0.06758889],,
[0.36035764 0.0277201 ],,
[0.17503785 0.05504931],,
[0.25180915 0.04421075],,
[0.31594586 0.2559994 ],,
[0.39719263 0.05021398],,
[0.50029325 0.01300258],0.5,5.328562855383043e-06
[0.288412   0.02469053],0.5,5.455642564641456e-05
[ 0.6205529  -0.00594646],,
[0.5555646  0.13769096],,
[0.76099867 0.4786726 ],,
[0.2750402  0.04042667],0.5,0.3240743492259712
[0.31625837 0.01655319],0.3,0.0130629505145413
[0.42374897 0.07570603],,
[0.19767778 0.0342509 ],,
[0.4114214  0.00865236],,
[0.49706084 0.01746997],,
[0.4251631 0.0737862],,
[0.48653036 0.06551497],,
[0.363251  0.0608119],,
[0.40993786 0.03159899],,
[0.22459587 0.04516095],,
[0.38319683 0.10006384],,
[0.25831679 0.25612015],,
[0.41876897 0.01919499],,
[0.4146064  0.10608098],,
[0.28448904 0.01322971],0.7,5.406808844606912e-05
[0.3514514  0.03663114],,
[0.48638812 0.02153855],,
[0.40858406 0.02480153],,
[0.6872935  0.06934698],,
[ 5.4607213e-01 -2.0714849e-04],,
[0.3922271  0.09788927],,
[0.27013713 0.00962466],,
[0.63841575 0.03480774],,
[0.7085955  0.06027408],,
[0.41184276 0.02354676],,
[0.44127795 0.00496686],,
[0.39993694 0.06719604],,
[0.4136418  0.04216122],0.5,2.380810780686796e-09
[0.39493886 0.03071108],,
[0.18322346 0.03424284],,
[0.542897   0.21933283],,
[0.19822721 0.03911413],,
[0.5110556  0.17038286],,
[0.2369802  0.01865181],0.3,6.52154400536815e-05
[0.47322625 0.0216626 ],,
[0.30281562 0.00239777],,
[ 0.45829248 -0.00180919],,
[0.5182557  0.00817343],,
[0.4338716  0.05018753],0.1,0.289169467827111
[0.39846745 0.17634666],,
[0.35192412 0.08663087],,
[ 0.51307106 -0.00378626],,
[0.5013129  0.06936321],,
[0.32474357 0.02398822],,
[0.16586193 0.04457512],,
[0.57982683 0.03588649],,
[0.3358294  0.05867004],,
[0.4901685  0.00404187],,
[0.5751663  0.21184069],,
[0.5416857  0.11915088],,
[0.4976911  0.07789727],,
[0.14350143 0.08867124],0.7,0.0899875029331376
[0.39511275 0.24281225],,
[0.5368113 0.2603758],,
[0.4285332  0.02883504],,
[0.2890149  0.12213095],,
[4.9912727e-01 3.2859668e-04],,
[0.16420934 0.20934458],,
[0.75965524 0.03738863],,
[0.18170096 0.05684921],,
[0.4857751  0.01884106],0.7,0.3380003687515098
[0.56570005 0.32719058],,
[0.57108456 0.36918265],0.7,6.261332197995392e-09
[0.5642346  0.17538705],,
[ 0.6189575  -0.00579774],0.6,0.0001029197180419
[0.24442643 0.02371408],,
[0.44224584 0.02374552],,
[0.1991536  0.03576847],0.7,1.0764494424466782e-08
[0.5309659  0.02946846],0.7,5.7302750982174e-06
[0.3741263  0.01911174],,
[0.3774009  0.04758628],,
[0.47017998 0.07718219],,
[0.36207312 0.00069167],,
[0.4844377  0.00196176],0.5,0.0130187913158767
[0.36318916 0.08237078],,
[0.32841587 0.22790247],,
[0.40634465 0.00498531],,
[0.36623532 0.15929252],,
[0.44917077 0.01530959],,
[0.4391746  0.00647075],,
[0.34192878 0.04193906],,
[0.44251943 0.04100562],0.2,7.24828569827986e-08
[0.4276852 0.3059247],,
[0.15845972 0.22718392],0.1,0.1963310133651229
[0.2922029  0.07170972],,
[0.5297211  0.00413478],,
[0.22851148 0.12365727],,
[0.37157315 0.0080421 ],,
[0.34293422 0.05626104],,
[0.5991747  0.00607644],,
[0.52693224 0.10750169],,
[0.6487316  0.01473186],,
[0.45459715 0.32090953],,
[0.23122464 0.0197902 ],,
[0.48933247 0.02508376],,
[0.46185878 0.05738482],0.7,1.2962981908458077e-06
[0.23404095 0.31389156],,
[0.4721583  0.03359477],0.7,8.159205478296515e-06
[0.2554873  0.00675913],,
[ 0.6285965  -0.01875446],,
[0.39321834 0.03592016],,
[ 5.2812964e-01 -4.2552501e-04],,
[0.28126916 0.03098374],,
[ 0.49217904 -0.01650319],,
[0.3611651  0.02926659],,
[0.67698634 0.20740835],,
[ 0.5671528  -0.01940497],,
[0.26337242 0.07484821],0.7,0.0001930260223206
[0.37960446 0.01129801],,
[ 0.5780843  -0.00394805],,
[0.24368566 0.04127874],,
[0.29260397 0.03674006],0.2,1.4255087593310514e-12
[0.34470117 0.32443047],,
[0.16321117 0.21195348],,
[0.51591986 0.21802212],,
[0.23192303 0.4514303 ],,
[ 0.43250924 -0.01263581],,
[0.29894486 0.02583289],,
[0.48694605 0.07392733],,
[0.21709871 0.03796272],,
[0.27080455 0.09050325],,
[0.27690998 0.03971149],,
[0.27623713 0.15610105],0.2,0.4664256388413766
[0.33291206 0.01120422],,
[0.3272393  0.04280017],0.7,0.4090091466467806
[0.34018892 0.07159044],,
[0.39045784 0.02888728],,
[0.59207577 0.01977471],,
[0.3600459  0.09286696],,
[0.41441    0.07732978],,
[0.47420466 0.08121199],0.4,0.0538576250441463
[0.49318534 0.07784021],,
[0.23094662 0.03237429],,
[0.1845452  0.05040861],,
[0.49687356 0.364771  ],0.6,1.321014037505766e-06
[0.31268567 0.01280912],,
[0.5405452  0.40217578],,
[0.34006634 0.02842112],0.4,0.2456164567231461
[0.6830285  0.03909429],,
[0.4236011  0.02110063],,
[0.6223606  0.07277923],0.5,0.0721906509670108
[0.21635248 0.12228081],,
[0.5264468  0.00845091],0.2,0.275045505852816
[ 0.28810722 -0.0032687 ],,
[0.35971224 0.00510387],,
[0.31966767 0.30270594],,
[ 0.4877539  -0.00322679],,
[0.37042224 0.02784069],0.3,4.544414470940029e-07
[0.69796705 0.15874106],,
[0.59804183 0.32285932],0.3,2.861256642915965e-06
[0.41966256 0.11687414],,
[0.4946513  0.02657178],,
[0.40111536 0.02549782],,
[0.18311056 0.05087981],,
[0.16762897 0.04287355],0.5,0.0424689961850758
[0.51547337 0.3838589 ],,
[0.34842622 0.15254529],,
[0.34528863 0.02044837],,
[0.58206296 0.33951542],0.6,0.0647730658411501
[0.36852407 0.14565136],,
[0.30372602 0.04019872],0.5,0.0648186853402863
[0.16548815 0.04514332],,
[0.43360558 0.36061692],,
[0.4915081  0.03082346],,
[0.37484407 0.03379309],,
[0.54149455 0.04372549],,
[0.54512554 0.02319134],,
[0.15021417 0.10502569],,
[0.5544642  0.08560134],0.5,0.0727513845532433
[0.47032407 0.02666461],0.4,3.9678508991002925e-06
[0.5596938  0.09402022],,
[0.18913141 0.03045208],,
[0.44460756 0.3351015 ],,
[0.45280102 0.16015133],,
[0.35822076 0.05632246],,
[0.5018836  0.04011258],,
[0.3064958  0.03886063],,
[0.46283114 0.09349123],,
[0.42334    0.01621065],,
[0.33640495 0.01383047],,
[0.41709012 0.00426726],,
[0.1865243  0.04099507],,
[0.51949733 0.03343144],,
[0.25236028 0.02985672],,
[0.37791577 0.03457591],,
[0.27580732 0.02980326],,
[0.20757677 0.12981546],,
[0.7014544  0.03934962],,
[0.32262582 0.02648213],,
[0.45495254 0.01252775],,
[0.26095465 0.01536883],,
[0.4435268  0.10437687],,
[0.46266937 0.00295419],,
[0.3067118  0.01276008],,
[0.34950966 0.0393985 ],0.4,0.015291173199258
[0.4932302  0.05016256],,
[0.5454966  0.23468255],,
[0.28763008 0.26250684],,
[0.37361997 0.05845647],0.5,3.251299147521678e-06
[0.3576179  0.01510848],0.5,0.0693011090545256
[0.21923395 0.03730285],,
[0.34796053 0.02001651],,
[0.47102395 0.12177514],,
[ 0.3707719 -0.0092556],0.5,2.2833077423320693e-06
[ 0.44793883 -0.01802335],,
[0.20140079 0.03861783],,
[0.51059514 0.10347149],0.4,0.0647548476104564
[0.34478873 0.03710115],,
[0.5074081  0.02961977],,
[0.36006317 0.00661513],,
[0.44243446 0.02270334],,
[0.19481832 0.03283917],0.4,3.248619129698457e-06
[0.37273428 0.02441544],,
[0.3921625  0.29360968],,
[0.5069882  0.01810537],0.5,0.0064788392380681
[0.41107374 0.06616688],,
[0.24824423 0.15502591],,
[ 0.5851256  -0.00225475],,
[0.62172776 0.35706422],,
[0.39190853 0.03197006],,
[0.38438824 0.08835778],,
[0.4128443  0.01660403],0.6,0.2915678334653713
[0.3734938  0.06067972],0.5,0.1064969160473631
[0.26778942 0.00432324],,
[0.29413715 0.07933314],,
[0.4178732  0.00782978],,
[0.38461003 0.16849516],,
[ 0.30403957 -0.01031559],,
[0.61033684 0.3717181 ],0.8,0.6163999291983671
[0.23628682 0.1542195 ],,
[0.25481915 0.03662327],,
[0.2649908  0.05824821],,
[0.53779733 0.05683424],,
[0.17877555 0.05694754],,
[0.59434247 0.0631198 ],,
[0.17102785 0.17559943],,
[0.23527998 0.0208456 ],,
[0.1725322  0.04264328],,
[0.463012 0.093311],,
[0.14838476 0.05796423],,
[0.20652585 0.03288135],,
[0.35560486 0.0134719 ],0.5,4.868319531906718e-06
[0.28574845 0.06098854],0.1,2.560255378534715e-06
[0.32778975 0.16565852],0.7,3.671179829070357e-05
[0.299718   0.06737097],,
[0.20321275 0.13439848],,
[0.24822275 0.04171387],,
[0.5092711  0.19665833],,
[0.4970124  0.36685517],,
[0.45900816 0.02848954],,
[0.3648622  0.10279565],,
[0.50110286 0.02218984],,
[0.3062056  0.02420602],0.5,0.0652114635059686
[0.36616668 0.03283761],,
[0.5036371  0.01538844],0.5,3.2044024156948065e-06
[0.31614846 0.17863889],,
[0.41937202 0.05226881],,
[0.35013592 0.01620399],,
[0.32069632 0.00620603],0.1,0.0659890818326678
[0.43631488 0.03643238],,
[0.54156464 0.06419499],,
[0.39878348 0.14297563],,
[0.32354882 0.03627086],,
[0.1762581  0.04116619],,
[0.42876264 0.16064674],,
[0.31819603 0.09730681],0.7,0.4259486432037314
[0.27606118 0.02369715],,
[0.76187766 0.24276818],,
[0.5324583  0.03102219],,
[0.36292458 0.15169528],,
[0.44911522 0.24717362],,
[0.22729576 0.06990913],0.4,0.60894726590516
[0.591606   0.14673583],,
[0.2879981 0.3195358],,
[0.3171289 0.065524 ],,
[0.26844034 0.04762046],0.8,6.2591418088694e-06
[0.34109506 0.03824878],,
[0.3149053  0.02519849],0.5,6.8259957869759295e-06
[0.40360254 0.02409132],,
[ 0.49309456 -0.00931464],,
[0.30150747 0.12890889],0.5,6.109908833362961e-05
[0.40866837 0.02707399],,
[0.26535195 0.06259251],,
[0.45259738 0.16863687],0.5,6.745749728087981e-06
[0.31335497 0.00354542],,
[0.31894505 0.02957629],,
[0.59886974 0.10514141],,
[0.46116275 0.02235419],,
[0.31702173 0.002402  ],,
[0.64711833 0.52062273],0.1,2.0080592480567203e-09
[0.44744074 0.01833282],,
[0.3651538  0.08374411],,
[0.2965427  0.01442805],,
[ 0.4387623  -0.02809704],,
[0.3058292  0.04105238],0.5,3.957232114284748e-06
[0.30548948 0.02516844],,
[ 0.522695   -0.00498545],,
[0.24393469 0.02248962],0.4,4.929766025843023e-09
[0.38845906 0.00261062],,
[0.44670606 0.01062087],,
[0.20781472 0.05971344],,
[0.25078958 0.03364702],,
[0.37933892 0.04926099],,
[0.19493791 0.20220906],,
[0.42301965 0.06174867],,
[0.28840432 0.02539654],,
[0.1720613 0.1086533],,
[0.17962988 0.03876374],0.3,2.8061135085340105e-05
[0.40537083 0.08728781],,
[0.36943054 0.08594165],0.2,2.709793860121964e-05
[0.57740587 0.10867891],,
[0.47951424 0.08540637],,
[ 0.5053481  -0.00521039],,
[0.49596706 0.0422282 ],0.4,4.370513235046628e-09
[0.60312736 0.26382843],,
[0.4487848  0.01621253],,
[0.69787246 0.04486733],,
[0.42462724 0.06765321],,
[ 0.42393366 -0.0066798 ],,
[0.3385145  0.02614936],,
[0.21124893 0.04075149],,
[0.2106417  0.03479346],,
[0.41147387 0.0097103 ],0.5,0.2084702953959293
[0.3825017 0.2370187],,
[0.45307356 0.13952109],,
[0.18480104 0.06513268],,
[0.5442323  0.08643065],,
[0.3440218  0.07908896],,
[0.593835  0.6262386],,
[0.42978582 0.11541349],,
[0.595797   0.13658136],0.3,3.1881623666923974e-05
[ 0.42142528 -0.00404366],,
[0.26437306 0.03576487],,
[0.35819006 0.051776  ],,
[0.19260491 0.03523467],0.4,5.456785994183263e-06
[0.4600797  0.07576525],,
[0.41997415 0.00997883],,
[0.24719864 0.02119581],,
[0.43714806 0.10060203],,
[0.1823729  0.03580931],,
[0.22967657 0.29299635],,
[0.27522424 0.12795839],,
[0.45345032 0.31765097],,
[0.3274646  0.02811972],,
[0.4286938  0.06363479],0.2,1.522469506037871e-09
[0.4583067  0.06604303],,
[0.46990573 0.09216729],,
[0.3775779 0.0165314],0.2,7.037993365717009e-09
[0.22673869 0.02005876],,
[0.45938498 0.06941534],,
[0.21103658 0.16402589],,
[0.39509934 0.0901016 ],,
[0.29900354 0.00819974],0.3,6.211001623804678e-09
[0.4105517  0.08456711],,
[0.47924113 0.10259505],,
[0.20350207 0.09442731],,
[0.5106675  0.07322277],,
[0.24416547 0.01973246],,
[0.5229536  0.05980185],,
[0.4292692  0.02779752],,
[0.37356642 0.36111367],,
[0.5148384  0.13246498],0.1,1.6354313988192112e-12
[0.69328624 0.04332418],,
[0.69263667 0.03405553],,
[0.5862449 0.0127099],,
[0.4861057  0.00332972],,
[ 0.39142638 -0.00039169],0.2,0.0001333938136746
[0.28688413 0.10006985],,
[0.44076777 0.04880565],,
[ 0.60028374 -0.01297657],0.3,4.751745352092456e-09
[0.3159612  0.20322517],,
[0.3683723  0.00345849],,
[0.527734   0.00918232],,
[0.25745815 0.08665743],,
[0.46782213 0.20714167],0.1,8.360363525443467e-07
[0.5726428  0.07964438],,
[0.34412506 0.02918466],,
[0.60966676 0.3076048 ],,
[0.5521409  0.17723647],,
[0.47913143 0.06102183],0.4,0.2738442223906312
[0.43599346 0.02211523],,
[0.3898263  0.04667868],,
[0.3187348  0.03831935],,
[0.34939718 0.08007587],0.2,3.1523285927074175e-05
[0.5325353  0.22498254],,
[0.2865723  0.04186201],,
[0.30268705 0.02307672],,
[0.41217726 0.01451084],,
[0.33581966 0.07679667],,
[0.18343195 0.03563685],0.2,1.1285702312900088e-09
[0.43044192 0.02055371],,
[0.37851015 0.03111343],,
[0.47428972 0.03954515],,
[0.2890094  0.11866743],,
[0.4669243  0.02148975],,
[0.2970579  0.01020307],,
[0.49188688 0.0277861 ],,
[0.44715083 0.03070829],,
[0.7254213  0.27150488],,
[ 0.5380782  -0.02375288],0.5,0.000249661882288
[0.33171088 0.05738304],,
[0.5334745  0.03199615],,
[0.19868833 0.0412442 ],,
[ 0.4183796 -0.0015333],,
[0.16783084 0.05676351],,
[0.5306215  0.07260454],,
[0.32493725 0.17713131],,
[0.19505244 0.18142638],,
[0.468869   0.00682632],,
[0.38103557 0.04572717],,
[0.24645917 0.05184435],,
[0.25474134 0.13518068],,
[0.27537775 0.05133517],0.6,0.0001717072990458
[0.2642354  0.04131258],,
[0.3534165 0.4723029],0.7,0.4977346142695442
[ 0.4966405  -0.01295153],,
[0.29437736 0.03006447],0.6,0.0002245959688387
[0.53600377 0.09649938],,
[0.24143833 0.02390949],,
[0.44944555 0.1838703 ],0.7,1.7299713105152408e-07
[0.28134742 0.06800209],,
[0.31668362 0.08247908],,
[0.42407644 0.01529253],0.7,5.571339397525987e-13
[0.5121452  0.05348288],,
[0.41501662 0.00742308],0.4,4.159505628160886e-07
[0.41360676 0.03500125],,
[0.23428354 0.15326092],,
[0.22263412 0.3741695 ],0.5,2.4281391013885244e-09
[0.52885187 0.40241426],,
[0.35019934 0.02872001],,
[0.4686382  0.04892428],0.1,6.880594233031202e-09
[0.2578869  0.04361213],,
[0.36211002 0.00781302],,
[0.5003259  0.13873143],,
[0.43329856 0.05428449],,
[0.46198985 0.23970334],,
[0.2411938  0.01922962],0.7,4.535822082632683e-07
[0.5410613 0.0646482],0.7,0.0004140071778141
[0.44092712 0.02046032],,
[0.33464414 0.10616025],,
[0.5625222  0.05441428],,
[0.45478174 0.08448196],,
[0.35205364 0.07301396],,
[0.5106469  0.06527814],0.5,0.190250990783391
[0.48000053 0.10217713],,
[0.3723883  0.04107225],,
[0.60833377 0.03685891],0.3,0.0003182121119713
[0.3224369  0.03492362],,
[0.40356597 0.19563942],0.3,0.0902286875404485
[0.43348384 0.09599386],0.1,0.0001396231161502
[0.5195424  0.01285973],,
[0.23536149 0.0186309 ],,
[0.36879575 0.02505892],,
[0.37573725 0.28184423],,
[0.24724786 0.01445256],0.5,0.2060601193291855
[0.22220422 0.25453052],0.3,1.7869861575816686e-08
[0.33043435 0.05180781],0.5,3.5107969054796278e-06
[0.4147709  0.01761215],,
[0.5198073  0.12597048],,
[0.27271476 0.17614852],,
[0.3324813  0.01650783],,
[0.17420286 0.05501722],0.5,8.37186333419163e-13
[0.40578234 0.01597128],,
[ 0.33120608 -0.00368025],,
[0.42113575 0.07008996],,
[0.23427795 0.04754098],,
[0.4437812  0.04070974],,
[0.35326895 0.01272956],,
[0.39587754 0.08815648],,
[0.40556318 0.05588888],,
[ 0.5164465  -0.03393148],,
[0.46208006 0.2131324 ],,
[0.709315   0.04897101],,
[0.39742392 0.05716673],,
[0.45596275 0.05864121],0.1,0.000206776398989
[0.575511  0.0207602],,
[0.29112843 0.02063198],0.7,1.693334685627637e-08
[0.6038146 0.0276856],0.2,4.486098884290696e-13
[0.48441988 0.08042894],,
[0.52560216 0.36738852],,
[0.16076386 0.1328273 ],,
[0.15912384 0.04868219],0.3,0.0001909755508572
[0.23642547 0.02563968],,
[0.38521427 0.17587148],,
[0.37163445 0.03216949],,
[0.46602416 0.19645959],,
[0.32427442 0.03549275],0.7,0.0003658888937999
[0.394822   0.01530471],,
[0.30292365 0.04363823],,
[0.3545255  0.02113315],,
[0.1585038 0.1514548],,
[0.33987594 0.09821234],,
[0.14393316 0.09252797],,
[0.43291444 0.03284329],,
[0.17011485 0.04117581],,
[0.38568205 0.01636987],,
[0.34501216 0.0300445 ],,
[0.54755133 0.31492817],,
[0.6622607 0.2792544],,
[0.32877263 0.02658424],,
[0.5250253  0.09936825],,
[0.51975864 0.09583887],,
[0.30403915 0.06100526],,
[0.28521758 0.03662229],,
[0.3799472 0.0211071],,
[0.45257193 0.05303225],,
[0.15381405 0.07728714],,
[0.5984264  0.05460885],,
[0.49992505 0.19742745],0.5,1.6382291233252337e-08
[ 0.54686654 -0.00989624],,
[0.41023332 0.05727586],0.4,9.001055922714505e-05
[0.38512   0.2439711],,
[0.59314334 0.03625339],,
[0.16115199 0.07480864],,
[0.3575382  0.13597451],,
[0.48249665 0.24802685],,
[0.33723938 0.02180075],0.5,0.3729597063669071
[0.6279972 0.5446698],,
[0.34222087 0.02361257],,
[0.35315204 0.24455424],,
[0.20848125 0.03633262],,
[0.17499167 0.04287132],,
[0.5438551  0.06793135],,
[ 0.5158534  -0.02737189],0.7,4.713004957852774e-08
[0.38216364 0.21906045],,
[0.4248982  0.03096936],,
[0.28667986 0.00523477],,
[0.30604416 0.00318974],,
[0.45618233 0.41997802],,
[0.57996464 0.07258363],,
[0.18753374 0.02927946],,
[0.21747169 0.02589097],0.5,0.043524585012993
[ 0.44285676 -0.00312183],,
[0.41521314 0.3167325 ],,
[0.5104146  0.01696151],,
[0.49181244 0.07604615],,
[0.4219141  0.00392068],0.5,6.590818629699492e-13
[0.5689135  0.10723575],,
[0.5355438 0.2320475],,
[0.43599653 0.00506996],,
[0.37616137 0.03082357],0.5,4.849026565698368e-10
[0.336134   0.00816232],,
[0.3574259  0.01996373],,
[0.46735302 0.00675813],,
[0.50196016 0.08752251],0.5,3.6392658028367203e-08
[0.5989381  0.20782265],,
[0.51772714 0.03171998],,
[0.35980505 0.11526631],,
[0.53419954 0.2862294 ],,
[0.26535547 0.0064589 ],,
[0.36906207 0.03527304],,
[0.32977918 0.08020969],,
[0.425638   0.22098066],,
[0.41576827 0.04119497],,
[0.3202002 0.0513198],0.3,1.1029024734995289e-07
[0.4111479  0.00878492],0.2,2.492492458446296e-07
[0.3903152  0.20761572],,
[0.18985765 0.04363103],0.7,0.293308796906102
[0.31080163 0.02952299],,
[0.24157938 0.02003967],,
[0.51439065 0.12303014],0.5,0.0240078997867689
[0.32794154 0.03704777],0.5,0.1857240444944954
[0.17986766 0.03704081],,
[ 0.41633025 -0.00044063],,
[0.39215726 0.03007039],,
[0.4974847  0.11795787],0.3,1.6248180236800183e-06
[0.18255852 0.03703226],,
[0.32878846 0.02544848],,
[0.4575736  0.05730464],,
[0.45773506 0.00064117],,
[0.18364842 0.0514686 ],,
[0.21339269 0.02039335],,
[0.22286193 0.02330649],0.1,0.0043501159264359
[0.3987971  0.14133996],,
[0.38262168 0.09562915],,
[0.60586077 0.10759753],,
[0.48493415 0.00911628],,
[0.49930722 0.05771152],,
[0.20486715 0.03966828],,
[0.46222597 0.15300125],,
[0.3484391  0.04154454],,
[0.56341577 0.3347968 ],,
[0.36720455 0.13947646],0.1,0.0567172925984501
[0.5812079  0.03781766],,
[0.36408535 0.08917312],0.7,0.4008842874071481
[0.15551126 0.07857239],,
[0.25434637 0.01794631],,
[0.44327575 0.10793419],,
[0.4236759  0.04369213],,
[0.35126638 0.04905816],0.3,0.0327000180413129
[0.36868203 0.03835706],,
[0.2326147  0.06477386],,
[0.36965966 0.01365503],0.5,0.0546558663095971
[0.55401593 0.16024317],,
[0.39788476 0.08650042],0.5,0.0056581144164105
[0.4262718  0.07230057],,
[0.33546236 0.01669271],,
[0.63138   0.2716906],,
[0.43824208 0.06888214],,
[0.5143121  0.07540219],,
[0.6085573  0.03784844],0.7,0.0454430949143038
[0.39088768 0.00710779],,
[0.26762703 0.00477856],0.7,0.0435242581793874
[0.25401855 0.03528978],,
[0.21463442 0.05576669],,
[0.511516   0.31535846],,
[0.41233668 0.2749302 ],,
[0.4383186  0.00473274],,
[0.31978294 0.07633232],0.5,0.0435200196564229
[0.20350559 0.03654224],0.5,0.1427033835938592
[0.521874   0.22306152],0.3,0.0898556214254093
[0.4041605  0.14909503],,
[0.35896385 0.29932964],0.1,0.2059132576573859
[0.39095315 0.10433374],,
[0.53305525 0.14922528],,
[0.25642404 0.03576756],,
[0.3525348  0.09669582],,
[0.23865132 0.21837051],0.6,0.4964293120243868
[0.2994928  0.00232213],,
[0.37821946 0.0236096 ],,
[0.68371123 0.20069966],,
[0.53159785 0.0045382 ],,
[0.37323147 0.0198389 ],,
[0.5585293  0.24339479],,
[0.5591192  0.18055673],,
[0.4110668 0.0273683],0.7,0.2248102278303581
[0.20920326 0.1732532 ],,
[0.4521491  0.04545064],,
[0.399543   0.02250779],,
[0.32120615 0.03261438],,
[0.5186185 0.0144515],,
[0.23730761 0.02476601],0.5,0.359462893681984
[0.2164921  0.06447039],,
[0.46750295 0.02956357],,
[0.39299655 0.10969125],,
[0.3251633  0.00700218],,
[0.55254143 0.02553521],,
[0.5056629  0.02861642],,
[0.26875818 0.086565  ],,
[0.43397963 0.24225369],0.5,0.2331051684271238
[0.32566163 0.02601748],,
[0.43354255 0.02294377],,
[0.21799885 0.12707025],,
[0.4391067  0.03446621],0.7,6.452074612161208e-06
[0.44464982 0.06456898],,
[0.2123132  0.05154738],,
[0.54108393 0.3172683 ],,
[0.18598652 0.27344406],,
[0.42566442 0.22315401],,
[0.50401556 0.12360375],,
[0.69629323 0.04874849],,
[0.7021711  0.12122276],0.3,0.0304667646090444
[0.48540175 0.16994607],,
[0.5675522  0.05592297],,
[0.31785452 0.09462415],,
[0.19840944 0.11041546],,
[0.4473597  0.04950491],,
[0.33456486 0.07674722],,
[0.3765913  0.03492958],,
[0.33949816 0.299945  ],,
[0.2965506  0.01918137],,
[0.19920278 0.03937202],,
[0.52187663 0.15064278],,
[ 0.48048255 -0.02409838],,
[0.15337695 0.10678516],,
[0.16693917 0.04396285],,
[0.19813767 0.02862015],,
[0.28137532 0.08536117],,
[0.47386318 0.10161987],,
[ 2.9513872e-01 -1.9679964e-04],,
[0.17923433 0.30328435],,
[0.19004726 0.04773159],,
[5.5420721e-01 4.2118132e-05],0.2,0.0138863710943031
[0.43630213 0.01526552],,
[0.21041569 0.11915255],0.3,0.0343638143707699
[0.19746025 0.1663311 ],,
[0.3632621  0.09124596],,
[0.39903325 0.08563589],,
[0.17430177 0.04286516],0.4,0.0091505532005145
[0.31527236 0.13014016],,
[0.37028652 0.08568332],0.5,0.0169834657628237
[0.472939  0.0146747],,
[0.43103072 0.02738765],,
[0.47691327 0.05873936],,
[0.48103794 0.17507905],,
[0.4619503  0.07045577],,
[0.26958    0.23582834],,
[0.24577335 0.02787466],,
[0.6936169  0.05288372],,
[0.26454392 0.06607971],,
[0.6084678  0.13641287],0.5,5.483154414995073e-06
[0.60982955 0.09757629],0.5,2.1450065718223146e-07
[0.46019882 0.00758564],,
[0.34903353 0.05089235],0.6,0.2556159608888382
[0.21667092 0.02651111],0.3,7.02752661625124e-08
[0.4777539  0.02041616],,
[0.37595803 0.02868105],,
[0.5594227 0.1348914],,
[0.5760274  0.01532895],,
[0.41574946 0.01482225],,
[0.3281402  0.06127143],0.7,0.3566816332143303
[0.5100365 0.2074556],,
[0.378874   0.07185563],,
[0.65336096 0.30396098],0.7,1.7841032464074124e-06
[0.47745466 0.04138612],,
[ 0.3040011  -0.01059891],0.7,1.6652569220226746e-06
[0.28994855 0.02738476],,
[0.5575688 0.2551184],,
[0.4730422  0.00836446],,
[0.4815271  0.02281041],,
[0.16918547 0.12283958],,
[0.51474214 0.265555  ],,
[0.41768157 0.01991809],,
[ 0.5349521  -0.00416368],,
[0.6797554 0.2204746],,
[0.2854338 0.0167374],,
[0.53183603 0.01736294],,
[0.2641674  0.09477284],,
[0.15446185 0.1330983 ],,
[0.43503445 0.19994003],,
[0.45216984 0.00574887],,
[0.42663416 0.01383165],0.5,0.297762528412102
[0.38547212 0.02675101],,
[0.3785992 0.1084621],,
[0.2001135  0.04277679],,
[0.3268022 0.2518189],,
[0.49181995 0.07302797],,
[0.26470402 0.10534186],,
[0.18992889 0.04783216],,
[0.37360278 0.17360428],0.5,0.0316825021861982
[0.5845889  0.23751473],,
[ 0.47608164 -0.00155299],,
[0.50087833 0.06519666],,
[0.28797552 0.03927143],0.7,0.1603560054831102
[0.34054542 0.07049584],0.5,0.0250554902564663
[0.4564351  0.06131873],0.1,0.2979170869155868
[0.21261908 0.01985924],0.5,0.0278697179564981
[0.5443424  0.24836302],,
[0.5131155  0.05409712],,
[0.3889017  0.03650586],0.6,0.0473026447205114
[0.514189  0.0029275],,
[0.43438977 0.1143858 ],,
[0.5205047  0.00802913],,
[0.28530374 0.1262755 ],,
[0.5100864  0.06511375],,
[0.49842188 0.02204419],,
[0.5706533  0.03732925],,
[0.2780661  0.00727172],0.4,0.508301752265408
[0.5441915  0.02290788],,
[0.21039534 0.03400488],,
[0.44388622 0.00297364],,
[ 0.36394188 -0.00757857],,
[0.5229242 0.0806464],,
[0.35122597 0.02025856],0.5,3.201694902619162e-05
[0.43891823 0.02222727],,
[0.37478977 0.02052581],,
[0.5743672  0.00116696],0.5,0.3098192611090041
[0.49366948 0.09045497],,
[0.48308635 0.06615405],0.1,0.1435360823923428
[0.4568367  0.01143355],,
[0.2155181  0.02947625],0.3,0.5198418960655832
[0.38224253 0.18521799],,
[0.28061816 0.02408822],0.1,0.1435205355920389
[0.50561124 0.06919327],,
[0.50856    0.00226234],,
[0.46022058 0.08971429],,
[0.55613244 0.00167225],,
[0.31283614 0.08654622],,
[0.351768   0.00824543],0.5,1.7553913226378484e-06
[0.50535554 0.06039737],0.1,0.192118331643628
[0.19928691 0.11448083],,
[0.2104566 0.0273379],0.5,0.5088936509068047
[0.24564168 0.0495823 ],,
[0.48384136 0.03580845],0.6,1.845505612820912e-06
[0.34967732 0.05422514],,
[0.34913474 0.03732137],,
[0.36513188 0.03993893],0.7,0.5734034339809051
[0.17016666 0.15355441],,
[0.24812955 0.11098066],,
[0.20128497 0.31515872],,
[0.6162765  0.13660823],,
[0.4401262  0.01546005],0.1,0.039454174385108
[0.16527466 0.04448145],,
[0.47124213 0.01121655],,
[0.22278458 0.02880456],,
[0.3862251  0.02480653],,
[ 0.47210175 -0.00458596],,
[0.22397646 0.08456562],,
[0.5457976  0.08142789],,
[0.4278448  0.02539193],,
[0.47471902 0.10468694],,
[0.46221924 0.4091779 ],,
[ 0.6215328 -0.0032017],,
[0.17126296 0.05124695],,
[0.5167653  0.23726338],,
[0.3064852  0.02805758],,
[0.40077496 0.02150634],,
[0.45594078 0.01244777],0.5,0.1011951647549652
[0.48440775 0.31402296],,
[0.48182705 0.0980986 ],,
[0.5013595  0.02371272],0.5,9.753814592388466e-05
[0.41933322 0.24333705],,
[0.27106133 0.17776898],,
[0.3155936  0.04797286],,
[0.39844772 0.04811134],0.5,0.0130512220817545
[0.3505981  0.24436997],,
[0.37779528 0.1746976 ],0.5,0.0130619376436496
[0.1515401  0.05414655],0.5,4.750251330874751e-09
[0.43072343 0.231664  ],,
[0.33382165 0.14819176],,
[0.36251488 0.23530965],,
[0.31817383 0.04347922],,
[0.41344175 0.09971809],,
[0.23688926 0.34130082],,
[0.47846532 0.21738963],0.7,0.5970217693432825
[0.5492744  0.43487176],,
[0.38920805 0.01850551],,
[0.4353032 0.2503925],,
[0.2808191  0.00506379],,
[0.43012547 0.01703031],0.5,0.2964882520836587
[0.6751246  0.09047243],,
[0.21607381 0.02116343],,
[0.15243033 0.13443972],0.5,0.0388667928707844
[0.28218865 0.12013401],,
[0.35804173 0.04924356],0.5,0.1118437117959853
[0.388846  0.1477707],,
[0.6080117  0.17901665],,
[0.4814117  0.12007809],,
[0.33388296 0.1250983 ],,
[0.30667084 0.3644442 ],0.5,0.3704132860735444
[0.16888465 0.04576501],,
[0.47448817 0.2134942 ],,
[ 0.40194348 -0.00782531],,
[0.5127758  0.00455292],,
[0.20855042 0.02836539],,
[0.4479356  0.16846134],0.7,0.3284552076150437
[0.4813502 0.4520675],,
[0.33644637 0.08623029],,
[0.31493163 0.01664629],,
[0.53712267 0.3249939 ],,
[0.6288051  0.00244043],0.7,0.0454724394849087
[0.5661124  0.06046964],,
[0.1500637  0.06121992],0.7,0.0454091287520891
[0.26713207 0.11797456],,
[0.33893102 0.02144447],,
[0.27252412 0.20829524],,
[0.47078916 0.07367361],,
[0.20627856 0.11633491],,
[0.20558046 0.03488539],,
[0.39077798 0.07706951],,
[0.19977666 0.03516345],,
[0.38999224 0.16736883],,
[0.5192262  0.35144812],0.4,0.033592077629934
[0.5003271  0.04090126],,
[0.19062573 0.07376865],,
[0.6110172  0.02858055],,
[0.30163452 0.30099618],,
[0.18221717 0.03305009],,
[0.2987431  0.01633655],,
[0.45331904 0.05919459],,
[0.44922134 0.20466273],0.6,0.3403015666457414
[0.28883016 0.03371464],,
[0.3662234 0.1677522],0.1,0.4150954712730902
[0.40658277 0.02678546],0.3,0.4630141477873456
[ 0.6044368  -0.00462716],0.4,0.0858017759554089
[0.31985527 0.3470617 ],0.5,0.1782289990238288
[0.45161745 0.32762244],,
[0.522698   0.08237049],,
[0.19419691 0.0247288 ],,
[0.68937445 0.14446439],,
[0.4171742  0.10831863],,
[0.23314895 0.04653316],,
[0.2260323 0.2384156],,
[0.34190652 0.28406233],,
[0.67655027 0.11885323],,
[0.2703862  0.04947404],,
[0.40117162 0.0835922 ],,
[0.14546447 0.08834308],,
[0.3901959  0.00271954],,
[0.26466504 0.01620907],,
[0.2905652 0.1591409],,
[0.50718826 0.03814808],,
[0.29986337 0.24062458],,
[0.4183789  0.01070207],,
[0.46796966 0.30184492],0.1,0.2315071354678247
[0.2913879  0.02347305],,
[0.47838888 0.01787239],0.5,0.0003350313494685
[0.16919181 0.11428288],,
[0.48250106 0.04790106],,
[0.55235505 0.05452002],0.7,0.0500078494721819
[0.25129774 0.03002056],,
[0.36766696 0.03100104],,
[0.2488461 0.0687268],,
[0.39163485 0.01411636],,
[0.38048136 0.19451553],,
[0.29216498 0.1413576 ],,
[0.38603628 0.0173748 ],,
[0.43594804 0.01684187],,
[0.4686726  0.08205315],,
[0.4418906  0.01069056],,
[0.4870241  0.01919246],,
[0.34182963 0.05490126],0.5,0.1193944865684426
[0.25101882 0.34496957],,
[0.6340601  0.02326841],0.7,0.6983432981972958
[0.18944186 0.11557181],,
[0.22606768 0.05516373],,
[0.20258455 0.03045803],,
[0.20243128 0.03466281],,
[0.37288952 0.02313138],0.7,0.5185553172870041
[0.2781441  0.32571632],,
[0.39874816 0.09645578],,
[0.66868883 0.04459465],,
[0.48220912 0.00099258],,
[0.5087398  0.09275774],,
[0.48941386 0.02822495],0.4,0.3433294868738814
[0.18681812 0.04146104],,
[ 0.4442601  -0.00664486],,
[0.5935548 0.0531549],,
[ 0.58756757 -0.01055192],0.7,0.4792198439010351
[0.372067   0.02682908],,
[0.28208512 0.09161466],0.7,0.5093261565912434
[0.65741587 0.36578006],,
[0.5936431 0.6177171],,
[ 0.43564278 -0.00417021],0.7,6.5075789272925004e-06
[0.29168022 0.0091543 ],,
[0.5714686  0.06176631],,
[0.36053228 0.10469377],,
[0.7039107  0.03570185],,
[0.31860235 0.03069966],,
[0.31110665 0.3051027 ],0.3,0.4630142574474037
[0.23619282 0.01970691],,
[0.2911138  0.01052551],,
[0.6028385  0.01013378],,
[0.5789004 0.0175635],,
[0.24848866 0.0242843 ],,
[0.6404371  0.18090872],,
[0.31194037 0.13371088],0.5,0.0291337911140988
[0.1880554  0.07072704],0.7,0.0331748650554982
[0.40557545 0.01936651],0.6,0.0304439008747677
[0.6211673  0.07251474],0.7,0.0304441688549333
[0.30431315 0.04092062],,
[0.2684026  0.05477157],,
[0.51827574 0.11004078],,
[0.60002244 0.10481196],0.4,0.0473317476983953
[0.53277874 0.00155957],,
[0.36522883 0.00517073],,
[0.34510106 0.09115574],,
[0.53018135 0.0930878 ],,
[0.5139943  0.04889681],,
[0.27056465 0.00564658],,
[0.40536988 0.31788692],0.1,0.1389044128782141
[0.28470626 0.05759921],,
[0.49780595 0.09893703],0.1,3.366418917777922e-09
[0.40279838 0.2887775 ],,
[0.20998044 0.27456027],,
[0.5268093  0.26875144],0.4,2.623793872068454e-05
[0.5076209  0.03596403],,
[0.16027366 0.04789691],0.3,1.3998177926582372e-08
[0.26748765 0.007838  ],,
[0.23809886 0.03377777],,
[0.49388975 0.05464092],,
[0.21307665 0.09679546],,
[0.55042845 0.06133785],,
[0.295631   0.32286054],0.1,6.951968855095216e-05
[0.2057867  0.03925837],,
[0.5547587  0.04464892],0.5,0.1617511006273909
[0.36636856 0.03411882],,
[0.46264938 0.01621736],0.2,0.4733174770446952
[0.5391861  0.14075041],0.7,4.951690305265217e-06
[0.6262001  0.00540378],,
[0.3954114  0.03770917],0.1,8.477470172101744e-09
[0.578737   0.18981361],,
[ 0.52129227 -0.0011301 ],,
[0.3079049  0.00186585],,
[0.35953194 0.21843751],,
[0.33095062 0.04102844],,
[0.34940454 0.27169433],0.5,5.185073688542262e-05
[0.26771498 0.03485257],,
[0.5223009  0.10379032],,
[0.26885605 0.24069129],,
[0.41468686 0.10927863],,
[0.43956426 0.03861245],,
[0.49562615 0.10948773],,
[0.5492411  0.09966295],,
[0.19736125 0.03046903],,
[0.41353738 0.0052331 ],,
[0.23858453 0.12987183],,
[0.18060654 0.04912685],,
[0.25615302 0.03848145],,
[0.33466032 0.38330755],,
[0.3808338  0.01431653],,
[0.39900154 0.3263766 ],,
[0.5112319 0.3343388],,
[0.41711262 0.13867007],0.5,5.41873995407853e-09
[0.3775407  0.00759364],,
[0.43768913 0.03545527],,
[0.39222053 0.04953323],,
[0.42397925 0.12276813],,
[0.2255051  0.18000464],0.7,0.1478854162979184
[0.26566362 0.03432149],,
[0.323114   0.01365234],,
[0.22586992 0.07677962],0.5,0.0721767848800292
[0.34107262 0.02662503],,
[0.3825462  0.09600178],0.5,0.1561947103467119
[0.4892965  0.21903794],0.7,0.010385022931042
[0.5663118  0.05764917],,
[0.25465629 0.12556288],0.7,0.1619779838820354
[0.32693088 0.07224151],,
[0.5319239  0.07173593],,
[ 0.56114775 -0.01166032],,
[0.24442    0.17350194],,
[ 0.2904355  -0.00497323],,
[0.25660908 0.04453687],,
[0.31343782 0.03209366],,
[0.38440913 0.00891236],,
[0.21503912 0.09497312],,
[0.16817106 0.08774735],,
[0.29144236 0.04682606],,
[0.32425848 0.03493906],,
[0.45232785 0.02768741],,
[ 0.6164655  -0.01295432],,
[0.4442512  0.02995986],0.4,5.562937524312718e-10
[0.32563752 0.01409661],,
[0.47515228 0.05948858],,
[0.16657831 0.23671949],,
[0.24035612 0.00389985],,
[0.22902758 0.02248677],,
[0.47132036 0.04949978],,
[0.23287764 0.03994273],0.1,4.15801003337176e-05
[0.38026088 0.053496  ],,
[0.4246575  0.03108564],0.5,0.0161274831362528
[0.4437579  0.07011813],,
[0.21639329 0.03084875],0.4,1.9568449427837817e-05
[0.3341044 0.0271791],,
[0.52302104 0.046762  ],,
[0.4451758  0.06655015],,
[0.3427198  0.01153612],,
[0.38604453 0.17410241],,
[ 0.5308132  -0.02454017],,
[0.40839174 0.06896593],,
[0.50777894 0.25580245],,
[0.29628026 0.08379456],,
[0.5657109  0.01432154],,
[0.39033273 0.06327184],,
[0.39636222 0.0602331 ],0.1,3.9931110605449415e-05
[0.33515155 0.17938527],,
[0.35265845 0.09925397],,
[0.3268437  0.06466235],,
[0.4998008  0.07186101],0.7,0.0416713683743624
[0.39017555 0.05131691],,
[0.28597388 0.00192285],,
[0.54545146 0.23440543],0.6,0.1389044125487144
[0.5393276  0.00471026],,
[0.26671997 0.00413099],0.5,4.084223781915758e-06
[0.36791703 0.03193523],,
[0.24438335 0.02115817],,
[0.45168003 0.15213734],,
[0.4830014  0.02691091],,
[0.32612503 0.3022522 ],,
[0.36007312 0.0367108 ],,
[0.2931807  0.00252499],,
[0.33918393 0.02322637],,
[0.40146965 0.00737642],,
[0.2207783 0.021132 ],0.1,0.1617511574015578
[0.3895946  0.00653293],0.4,0.0234447315492371
[0.569883   0.04356583],,
[0.64485157 0.311963  ],,
[0.5630193  0.09461971],,
[0.37378675 0.28795695],,
[0.37977138 0.0042472 ],,
[0.50440305 0.01559142],,
[0.2588609  0.01989689],,
[0.4099168  0.04720493],,
[0.31910744 0.0135616 ],,
[0.22372748 0.08994574],,
[0.3845854  0.09583265],,
[ 0.46499887 -0.00992838],,
[0.18925557 0.03898152],,
[0.18786992 0.24770042],0.3,8.731098987795263e-05
[0.44006044 0.15037501],,
[0.18581395 0.03885276],,
[0.2686671  0.08031195],,
[0.40186095 0.20013419],0.5,6.7899735982258115e-09
[0.33760056 0.056102  ],,
[0.26870427 0.20670487],,
[0.29168987 0.26690403],,
[0.32506877 0.0226148 ],0.5,0.0001482733849823
[0.34493735 0.00409571],,
[0.32428032 0.0307423 ],0.7,8.196502742743745e-08
[0.53661966 0.26429802],,
[0.51867795 0.00568982],,
[0.54312867 0.10134422],,
[0.25083688 0.03418112],,
[0.5328881  0.03986842],,
[0.6066719  0.39388758],,
[0.28216538 0.11817792],0.5,9.652895499337435e-06
[0.2561539 0.0712447],,
[0.54635406 0.02938097],,
[ 0.583965   -0.00222622],,
[0.34452587 0.06131881],0.6,2.0480311629880853e-08
[0.2568466  0.03746438],0.5,1.0646762322033774e-09
[0.21483831 0.02791445],,
[0.50863725 0.01031131],,
[0.50320345 0.01182824],,
[0.2239249  0.02961884],,
[ 0.52025074 -0.00309565],0.5,9.075243476377003e-10
[0.48637313 0.03539436],0.3,0.0001943448977962
[0.25390738 0.03314599],,
[0.30651632 0.3729311 ],,
[0.2397334  0.03584195],,
[0.24486393 0.03774074],,
[0.24969643 0.05604475],,
[0.48595005 0.02362109],,
[0.26972038 0.00384444],,
[0.47343332 0.01475732],,
[0.51475483 0.01090229],,
[0.14266357 0.07011192],,
[0.33227006 0.06347151],,
[0.35889405 0.29416436],,
[0.38243806 0.0537762 ],,
[0.5072968  0.00243131],,
[0.64878577 0.12376744],,
[0.25566885 0.01297374],,
[0.27380764 0.01048186],0.2,1.3865912096218151e-06
[0.51626    0.00975763],,
[0.41571802 0.05957819],,
[ 0.3593293  -0.01075448],,
[0.6927785  0.46046922],,
[0.36008435 0.08044708],0.1,3.2413887776775294e-05
[0.40790173 0.02211599],0.5,0.0001142179905264
[0.29988042 0.08447237],,
[0.26938543 0.05404827],,
[ 0.3395536  -0.00343362],,
[0.28646013 0.06417263],,
[0.17519213 0.052864  ],0.5,0.0001238300132559
[0.24186535 0.01691641],,
[ 0.56098676 -0.00145314],,
[ 0.36931616 -0.00823677],,
[0.24952544 0.0221513 ],,
[0.38166553 0.09091952],,
[0.2905856  0.03696658],,
[0.52366495 0.19665936],,
[0.40399697 0.2636519 ],,
[0.44110852 0.01436856],,
[ 0.43752724 -0.01266972],,
[0.45116317 0.09065229],,
[0.34398332 0.14120398],,
[0.54799306 0.01299288],,
[0.46665213 0.08118151],,
[0.46406496 0.02240528],,
[0.41718164 0.01309231],,
[0.3312273  0.04278315],0.6,0.0449766845026508
[0.39705864 0.06084327],,
[0.3816926  0.03544503],,
[0.17569533 0.03979727],,
[0.3525884  0.03576793],,
[0.40185243 0.02563382],,
[0.5212244 0.004991 ],,
[0.41474983 0.06681137],,
[0.37318137 0.01426776],,
[0.26960364 0.01458329],0.3,4.110283964438411e-09
[0.24947628 0.00930865],,
[0.20460337 0.03955592],,
[0.20190182 0.02410527],,
[0.31837824 0.12622637],,
[0.24705462 0.04398694],0.3,4.161416744136468e-07
[0.3964805  0.06318028],,
[0.36254677 0.29367694],,
[0.52090406 0.150244  ],,
[0.22163957 0.02487389],0.5,0.0002273217837883
[0.2869967  0.02027753],0.5,1.2221690047642092e-08
[0.5621022  0.12185571],,
[0.46853566 0.01911892],0.3,6.009179100109377e-13
[0.33164182 0.3600889 ],,
[0.4764381  0.04443716],,
[0.2245618  0.12507743],,
[0.40299618 0.04097468],,
[0.5625018  0.01384388],,
[0.36567828 0.11699842],,
[0.35850736 0.03834991],,
[0.18745469 0.05317319],0.6,0.0002852355748508
[ 0.49476755 -0.02751525],0.5,0.0003299183602622
[0.3836128  0.18822217],0.6,0.0001092565546778
[0.5252743  0.09148382],,
[0.5284433  0.01326148],,
[0.4011538  0.01658922],,
[0.3052368  0.01742537],0.6,0.3387140944823886
[ 0.57628936 -0.00367703],,
[ 0.66425294 -0.00667056],,
[0.24042495 0.03392406],,
[0.19409746 0.04818004],,
[0.19553673 0.03163574],,
[0.40865278 0.11771197],0.1,0.0001511305354269
[0.20565286 0.02580446],0.5,4.203571064763307e-13
[0.1767104  0.06901319],,
[0.40061203 0.02704168],,
[0.17897524 0.08725213],,
[ 0.47805566 -0.01314293],,
[0.26470834 0.00231132],,
[0.19035585 0.0386719 ],,
[0.4459371 0.0285624],,
[0.21477342 0.03526354],0.1,5.422656106931884e-07
[0.37697503 0.01557489],0.8,0.0435244891751592
[0.18436885 0.12863022],,
[0.72801185 0.07149014],,
[0.27661008 0.01596748],,
[0.19157964 0.04375445],0.7,0.5005297854135178
[0.21926649 0.04000732],,
[0.43021    0.04878512],,
[0.3730566 0.1111178],0.5,0.1633222849345773
[0.38078755 0.04509363],,
[0.28182545 0.04528611],,
[0.4453907  0.06705834],,
[0.32476676 0.0074465 ],,
[0.19498596 0.03979468],,
[0.43947348 0.18399657],,
[0.5326231 0.094182 ],,
[0.66729504 0.37638804],,
[0.31757435 0.14581956],,
[0.3976792  0.00110728],,
[0.39640027 0.06329206],,
[0.3399342  0.00849129],,
[0.36993346 0.01121966],0.5,0.371281857675429
[0.21143775 0.02540874],,
[0.24248432 0.0166508 ],,
[0.37241876 0.03072813],,
[0.49384424 0.06901807],,
[0.2649016  0.04491087],,
[0.36688322 0.16049114],,
[0.39079386 0.07903339],0.3,0.0002258775598936
[0.39552954 0.02761215],,
[0.6315717  0.24256511],,
[0.24695536 0.04045133],,
[0.55788267 0.04302702],,
[0.2297184  0.02550836],,
[0.28643596 0.03300413],,
[0.5147293  0.06046404],,
[0.4547833  0.01157078],,
[0.6116135  0.08652788],0.5,0.0001235238799023
[0.41906798 0.00596937],,
[0.21180859 0.02822966],0.4,3.135087919490843e-13
[0.42374176 0.03402609],,
[0.4961813 0.170786 ],,
[0.42605162 0.02244531],,
[0.5101968 0.0207358],,
[0.1569241  0.16643816],,
[0.2705961  0.00529803],,
[0.5971852  0.10996554],0.1,6.9686216560225486e-09
[0.43743128 0.07427648],,
[0.41813573 0.06394617],,
[0.4729752  0.02360739],,
[0.20700438 0.05965213],,
[0.37798706 0.1777813 ],,
[0.36198705 0.01722559],,
[0.4704963 0.0517385],,
[0.35481602 0.08082035],0.4,0.4082850793829956
[0.22562785 0.02185616],,
[0.18740317 0.03765933],,
[0.24281724 0.03057582],0.3,2.787201564097933e-05
[0.39768302 0.00997134],,
[0.35593385 0.05534462],0.5,3.679060007046561e-06
[0.33907282 0.41636825],,
[0.2882337  0.00275865],,
[0.50645626 0.00168362],,
[0.38370457 0.03388613],,
[0.35442817 0.02492068],,
[0.28640822 0.08995791],0.8,0.6738042743679371
[0.5658216  0.15673181],,
[0.2928246  0.09832402],,
[0.43861166 0.09324712],,
[0.2591486  0.12359973],,
[0.2434209  0.04022401],,
[ 0.37860283 -0.00396282],,
[0.45274526 0.00643677],,
[0.43179336 0.06878664],,
[0.47859824 0.02001657],,
[ 0.64111316 -0.01460614],,
[0.58025485 0.09851424],0.7,8.624589023231283e-12
[0.2662636  0.02264718],,
[0.32450402 0.02499431],,
[0.5264201  0.00517664],0.5,0.0369160859512369
[0.53109705 0.07313344],,
[0.47953856 0.01728095],,
[0.41005453 0.02390561],,
[0.4348849  0.00549523],0.5,0.0001381024946786
[0.3370089  0.01486337],,
[0.24609576 0.03176828],0.5,0.0106508612078429
[0.46701485 0.03450044],,
[0.65405995 0.02035893],,
[0.5138831  0.08537915],,
[0.71810204 0.11258867],,
[0.19248393 0.03733204],,
[0.5934894  0.41454569],0.5,0.0489992262092468
[0.42665184 0.03480772],,
[0.23996776 0.01176647],0.2,2.876640131090646e-13
[0.38321197 0.04167609],,
[0.19415855 0.16779806],,
[0.52274585 0.05773711],,
[0.4106251  0.01136718],,
[0.50843877 0.11816265],,
[0.5978969 0.0556963],,
[0.23082024 0.02970886],,
0.5232086,,
-0.0023140311,0.7,4.400643883211309e-07
